prompot,completion（内涵）
唯识观,"唯识观，佛教术语，梵文vijñānamātra paśyati，或vijñaptimātra paśyati，是佛陀三时教法的观修法门。就是观唯识无境，只有内在的心识（阿赖耶识），没有心识之外的事物。就是观凡夫以为的心外事物是根本不存在的，存在的只是心外事物不存在而凡夫误以为心外事物存在的这个错觉、这个虚妄分别。就是观凡夫世界只是虚妄分别，除此之外什么都没有。始终坚持唯识无境，圣者能见的凡夫心外一无所有，这才是真实的了义佛法。
"
唯心所现,唯心所现，佛教术语，梵文svacittadṛśyamātra，意思是“只有心自己的显现”。这是佛陀三时教法教理体系的一个词语，与“境界自心现”是同义词，是三时教法的核心词汇之一。
了义,了义，佛教术语，梵文是nītārtha，指最上的、最契合真实的、最圆满的道理，是相对“不了义”而言。“了”有两方面的含义，第一，是很清楚、很明白的意思；第二，是全面了解、毫无保留的意思，“义”就是道理，这里特指佛陀所说佛法的法义，了义有时也称为“胜义”、“最胜义”。
四弘誓愿,四弘誓愿，佛教术语，也叫做“通愿”、“共愿”，指四个宏大的誓愿，是修行大乘佛法、誓愿成就无上菩提的众生都要发的愿。四弘誓愿的内容是：众生无边誓愿度，烦恼无尽誓愿断，法门无量誓愿学，佛道无上誓愿成。
如理思维,如理思维，佛教术语，来源于“正闻熏习、如理思维”这句话。首先要听闻正法，听闻了正法就要如理思维，就是按照佛陀的教法认真思考，反反复复的思考，思考的目的是对佛陀教法要生起确定的信心。
如梦观,如梦观，佛教术语，梵文svapnôpamatā draṣṭavya，佛教经常用梦比喻凡夫自以为的真实的世界其实如梦境一般，梦中感觉很真实的事物，梦醒之后会发现，其实根本就没有存在过，目的是破除凡夫对凡夫自以为的真实世界的理解。
轮回,轮回，印度宗教哲学术语，梵文samsāra，是印度古人的一种生命观，主要指“三世的六道轮回”的生命观，也被称为“六道轮回”。
无明,"无明，印度哲学术语，梵文avidyā，指不明真理，不见真实，即对真理、对真实的无知，就是无
明。在佛教中，无明是障碍着众生获得解脱的根本原因。佛陀认为，凡夫之所以轮回于生死、不能涅槃、不能成佛，原因是糊涂，把不真实的当成真实，见不到真正的真实，犯了增益与损减的错误。这个糊涂，佛教有个专有名词来表达，梵文是“avidyā”，翻译成汉语就是“无明”。"
随顺真实,随顺真实，佛教术语，指佛陀所说法随顺佛陀亲证的真正的真实性——真如。
随顺众生,随顺众生，佛教术语，指佛陀所说法随顺众生的根性，也就是要适度地向凡夫做些妥协，但妥协的目的是要接引众生，走向佛陀证悟的真实。
闻不厌足,闻不厌足，佛教术语，指听闻佛陀的正法，永远都不要疲厌和满足。
人我,人我，佛教术语，作为一个凡夫，会认为自己内在的主观的精神世界，是一个真实存在，而且是不变的，独立的。凡夫死死地执着的这个内在主观精神的世界的真实的存在，佛教称为“人我”。人我，就是印度思想家们所坚持认为的、在生死轮回的背后，那个常一不变、独立存在的轮回的精神主体。
法我,法我，佛教术语，梵文dharmasvabhāva，指法的自性，即客观物质世界的真实存在性。即凡夫执著的外在客观物质世界的独立存在、常一不变性，佛教就称为“法我”。
轮回无我（人我空）,轮回无我，净名术语，指生命从生到死、死亡到再生的流转背后没有一个常一不变、独立存在的精神主体，也就是说，并没有“我”这一精神主体在轮回，这是对小乘涅槃境界的总结。 
涅槃寂静,涅槃寂静，佛教术语，指通过修行，能够解决了内在的自我的烦恼而获得的一种自我的清静的状态，涅槃寂静是佛教初时教法讲的涅槃境界。
菩萨,"菩萨，佛教术语，梵文bodhisattva，由两个词组成，bodhi是觉，sattva指有情、众生，音译是“菩提萨埵”，简称“菩萨”，意译“觉有情”，就是“自觉觉他的有情”。一个众生、一个有情，发了菩提心，就可以说是菩萨，发菩提心的众生就是菩萨，也只有发了菩提心的菩萨，修菩萨行，才能成佛。
"
菩萨道,菩萨道，佛教术语，梵文bodhisattva-caryā，亦称菩萨行，就是度众生而且度了众生还得当没度，也就是菩萨是以度众生的觉他方式而实现自觉的，是以度众生的方式来修行的，这是大乘佛法区别于小乘佛法、区别于人天乘佛法的最大要害。
菩提心,菩提心，佛教术语，梵文bodhicitta，bodhi音译为“菩提”，意译为“觉”，从糊涂到明白的过程就叫bodhi，就叫觉。citta译为“心”，表示精神活动。菩提心直译就是觉的心，大乘佛法的解脱方案是打破无明见真实，就是一个从糊涂走向明白的历程，就是希求众生从糊涂的凡夫走向智者境界而解脱的觉悟的心，就是一个修行大乘佛法的人，他们并不仅仅希求自我的解脱，而是希求众生的解脱，而且把一切众生的解脱当作自己的解脱，把度化一切众生走向解脱当作自己修行解脱的路径——这样的思想境界，这样心境的生起，佛教给了一个专有名词，叫作“菩提心”，大乘佛法的修行归根结底就是“bodhi”这个觉的心、菩提心的生起与修为的过程。
缘生性空,缘生性空，佛教术语，缘生，梵文pratītyasamutpanna，性空，梵文niḥsvabhāva，缘生就是事物所谓的存在，不过是种种条件的聚合而产生的临时的、松散性的存在，因此，缘生的事物肯定不存在着一个独立于条件、独立于缘的独立存在性，这个独立存在性肯定是不存在的，就叫性空。缘生性空，是在解构我们凡夫对凡夫境界上常一不变的独立存在的事物的执著，对常一不变的独立存在性的执著，又叫“我执”，讲缘生性空，破的就是我执，佛陀说无我。
性空,性空，佛教术语，梵文niḥsvabhāva，另外亦有asvabhāva、svabhāva-śūnya等形式，直译是无自性、自性空，“无自性”就是不存在，性空的“性”对应的梵文是svabhāva，bhāva是存在，sva指与其他没有关系的、独立的、自我的，svabhāva即独立的存在性、自我的存在性，也译作“自性”，简译为“性”，niḥ、a都是否定前缀，表示没有，śūnya意思是没有，空，零，什么都没有，性空即无自性——没有自我的独立存在性，这是凡夫境界上存在的一个重要特点，佛陀讲性空，只是解构我们凡夫对凡夫境界的那种执着，执着凡夫境界的常一不变性、独立存在性。
缘生,缘生的“缘”就是“条件”，所谓缘生，就是事物所谓的存在，不过是种种条件的聚合而产生的临时的、松散性的存在。缘生的事物，是没有独立存在性的，没有常一不变性的，也就是无自性的。佛陀安立缘生的概念，是一种解构，是佛陀解构我们凡夫对凡夫境界的真实存在的一个解构的方便善巧。
空性,空性，佛教术语，梵文śūnyatā，śūnya意思是没有，空，零，什么都没有，不存在，词尾tā，表示基本特征，基于佛陀二时教法定义空性，就是凡夫境界上的存在，是以什么都不存在为基本特征，这件事叫“空性”，在佛陀三时教法里，遍计所执自性根本、从来就不存在，给这件事儿起名叫“空性”，在二时和三时教法中，佛陀说空，不是把原来存在变为不存在，佛陀说空是说原本就根本从来没有存在过，这个特征叫“空性”，不管是二时教法还是三时教法，佛陀安立空性，是为了解构凡夫境界，是为了破除凡夫的实执、法执，就是为了破增益，而不是补损减，大乘佛法思想的不共，首先体现在无生、空性，能不能理解接受无生、空性，是进入大乘佛法的门槛，也是佛教与非佛教思想的差异。
声闻乘,"声闻乘，佛教术语，梵文śrāvakayāna，声闻这个词的本意是倾听者，更广义的就是指信徒，一切听闻佛法、听佛说法的人都可以称为声闻，乘是佛陀度化众生走向解脱的法，声闻乘属于小乘佛法，主要指的是初时教法中的四圣谛法门——知苦、断集、证灭、修道。
声闻乘行者是通过听闻佛陀说的初时教法、闻法信受、精进修行、最终证悟个体解脱的这类众生。声闻乘的修行，通过受三皈依戒成就信根，坚信四圣谛，修五停心观等，进第五地的戒定慧三学的成就。再进入声闻乘的见道位，这就是声闻乘的第六地。声闻乘的第七地到第十地，分别对应的就是须陀洹、斯陀含、阿那含和阿罗汉果位。"
三十七道品,"""三十七道品""，佛教术语，梵文saptatriṃśadbodhipakṣyān dharmān，又名三十七菩提分法。
“三十七道品”是修行的三十七个具体的内容，实际是“声闻乘”，也就是佛陀的“初时教法”或者叫作“小乘佛法”里最主要的修行方法。三十七项内容可分为七组，依照《清净道论》，名为“四念处”、“四正勤”、“四神足”、“五根”、“五力”、“七觉支”、“八支圣道”。“三十七道品”，是典型的“声闻乘”修行者的修行，《维摩诘经》中说“三十七道品”是菩萨净土，也就是修行大乘佛法的人，以发无上的菩提心之后，由菩提心摄受下去修“三十七道品”，所以“三十七道品”也是大乘佛法的修行。"
出离心,出离心，佛教术语，指基于三世六道轮回的生命观生起的出离生死轮回、寻求解脱、希求涅槃的心。
除妄即真,除妄即真，净名精舍术语，佛陀在初时教法中把凡夫世界不真实的东西除掉了，然后说那就是真，但对于外部世界是否存在的问题是没有明确说明的，也就是说佛陀在这里采用的是以“不是什么”的表达模式来表达诸法的真实，来表达他所证悟的真实性的。
涅槃,涅槃，佛教术语，梵文nirvāṇa，nirvāṇa是niḥ+√vā的过去分词，词根vā，指吹、熄灭，niḥ，指没有，也有出、离、去、往外的意思，nirvāṇa原指吹灭，或吹灭之状态，这个词的基本含义就是熄灭涅槃，意译为灭、灭度、寂灭、圆寂、解脱、无为、自在等，“nirvāṇa”这个梵文词在印度民间的俗语形态是nibbāna，汉传佛教从nibbāna这个词音译成汉语就是涅槃，在三世说生命观的背景下涅槃特指生死轮回的熄灭。佛法是释迦牟尼给出的，能够最有效的引领众生走向涅槃的解决方案。释迦牟尼给出的涅槃方案与印度其他宗教家给出的涅槃方案有根本上的不共之处。
初时教法,初时教法，佛教术语，指佛陀立足凡夫境界向凡夫说的一类法，以“四谛、无我、涅槃寂静”三个基本道理为核心内容。佛陀初时教法的代表性经典，在汉传佛教里边是《阿含经》。初时教法可以概括为八个字：“四谛无我、涅槃寂静”。初时教法讲四谛，讲十二缘起，讲人我空。人我空就是解构凡夫对人我的执着。初时教法以“除妄即真”极为隐秘地遮诠诸法真实性。《解深密经》中说，初时教法是佛陀“惟为发趣声闻乘者，以四谛相转正法轮”。就是初时教法是讲给发小乘心的众生听的，讲的内容是苦、集、灭、道四谛法。通过初时教法的修行，证悟人无我，能够解决内在的自我烦恼而获得一种自我的清净的状态，叫作“涅槃寂静”。
人天乘,人天乘，佛教术语，指佛陀给认同三世说生命观但生不起出离心、不想趣向于涅槃的一类众生说的法。八个字的概括：“五戒十善，人天果报”。
三世说,三世说，净名精舍术语，“三世”梵文taiyadhvika，是印度古人普遍对生命的一种理解和观点，认为生命是在“过去、现在、未来”这三世中轮转，故称“三世说”生命观。印度古人对生命的理解是，人的死亡不是生命的彻底的终结，死亡只是肉体的抛弃，那个精神的因素——“神识”没有死，这个神识要通过投胎转化成另一个生命体又回到这世界上来。回来以后，寿命还是有限的，死了以后神识再转化成下一个生命体再回到这世界上来，如此生生死死在“过去、现在、未来”这三世中轮回不已。
无常无我,（拆分了无常和无我两个词，本词条原文没有很好的定义）
四谛,四谛，佛教术语，梵文 catur-vidhaṃ satyam，“苦、集、灭、道”，在佛教里叫做“四谛”，“谛”就是道理。初时教法讲四谛，讲无我，只讨论人我，没讨论法我。
八正道,八正道，佛教术语，梵文 āryāṣṭāṅga-mārga，又称八圣道、八支正道等。是初时教法四谛中道谛的具体内容。包括：正见、正思维、正语、正业、正命、正方便、正念、正定。指小乘修行人证人我空，断除自己内心的烦恼和痛苦，证得清净的涅槃解脱境界的正确方法或途径。
十二缘起,十二缘起，佛教术语，梵文dvādaśāvga pratītya-samutpāda，亦称“十二因缘”、“十二支”，是佛教解构误以为轮回当中有人我的一个理论，认为生命过程可以分为彼此成为条件或因果联系的环节，是佛陀建立的三大缘起之一，是初时教法破增益的缘起，是缘起的方便说，是部分听闻和缘觉乘修行的法，具体内容就是无明缘行、行缘识、识缘名色、名色缘六处、六处缘触、触缘受、受缘爱、爱缘取、取缘有、有缘生，生缘老死。
涅槃还灭门,涅槃还灭门，佛教术语，与生死流转门相对，是小乘初时教法十二缘起的内容，即以无明尽打头，以“此无故彼无，此灭故彼灭”的形式描述智者走向解脱的状态，具体讲就是无明尽导致行尽，行尽导致识尽，识尽导致名色尽，名色尽导致六处尽，六处尽导致触尽，触尽导致受尽，受尽导致爱尽，爱尽导致取尽，取尽导致有尽，有尽导致生尽，生尽导致老死尽。
生死流转门,生死流转门，佛教术语，与涅槃还灭门相对，是小乘初时教法十二缘起的内容，即以无明打头，以“此有故彼有，此生故彼生”的形式，描述凡夫自以为的生生死死流转不已的生命轮回状态，具体讲就是无明缘行，行缘识，识缘名色，名色缘六处，六处缘触，触缘受，受缘爱，爱缘取，取缘有，有缘生，生缘老死。
十二处,"十二处，印度哲学术语，梵文āyatana，又称“十二入”、简称“处”，指凡夫对自以为的真实世界的一种划分方式。
十二处，就是把凡夫境界的一切的存在，分成了十二个状态。这十二处分为两组：第一组，“六根”，也叫“内六处”，即“眼、耳、鼻、舌、身、意”，描述凡夫内在的主观心识活动；第二组，“六尘”，也叫“外六处”，即“色、声、香、味、触、法”，描述凡夫内在主观心识所对应的那个外境。这两组六个合起来就叫“十二处”，即“眼处、耳处、鼻处、舌处、身处、意处”和“色处、声处、香处、味处、触处、法处”。所以这十二处，就是对凡夫境界凡夫自以为的一切存在的描述。"
十八界,十八界，印度哲学术语，梵文aṣṭādaśa dhātavaḥ，把凡夫境界上的一切的存在分成十八项，佛教叫“十八界”。十八界分成了三组，第一组，叫“六尘”，是凡夫所对的外在物质的存在的世界，分为色、声、香、味、触、法。第二组，众生还有内在的心识，这叫“六识”： 眼识、耳识、鼻识、舌识、身识和意识。这“六识”要根植于众生的六个器官才能产生作用，这个六个器官佛教称为“六根”，六根是第三组，就是眼根、耳根、鼻根、舌根、身根和意根。所以这三组六个合起来，叫作“十八界”，即“眼界、耳界、鼻界、舌界、身界、意界”，“色界、声界、香界、味界、触界、法界”和“眼识界、耳识界、鼻识界、舌识界、身识界、意识界”。这是佛教对于我们凡夫境界上的一切的存在的一种划分方式。
权便中观,权便中观，净名精舍术语，是净名精舍首席学术导师于晓非老师依据佛陀二时教法经典构建的“四重二谛”，即基于既不常也不断、既非有也非无的二谛对治模式而建立的一种中观，是接引众生证空性的过程中的阶段性的方便善巧。
遮诠,遮诠，印度哲学术语，与表诠相对，遮诠就是间接陈述，就是不以肯定形式，而是以否定的形式做解释。二时教法用遮诠的方式——“不是什么”这样一种隐秘的方法，佛教叫“隐秘相”，而说诸法的真实性。
实相离言,实相离言，佛教术语，实相，又名法性、真如、如如、如来藏等，指圣者证悟的真实和真实性，离言，不能够用凡夫语言表达，实相离言就是指圣者境界圣者证悟的真实和真实性是有的，但这个真实性是不能够用语言诠表。
二时四有四无无障碍观,二时四有四无无障碍观，净名精舍术语，指净名精舍大乘佛法二时教法的观修口诀，是净名精舍首席学术导师于晓非老师效仿古德构建佛陀二时教法教理体系的权变中观的“四重二谛”纲领后，依据韩镜清先生“四有四无无障碍观”而总结的修法口诀。 具体内容是四句话：只有相互依存，没有独立存在；只有相似相续，没有常一不变；只有能诠名言，没有所诠实义；只有“离言空性”，没有丝毫法生。
三法印,三法印，佛教术语，梵文Tridṛṣṭinimittamudrā（待确认），指印证某一理论是否为佛法正见的三个基本准则：诸行无常、诸法无我、涅槃寂静。法，理法；印，指印证鉴别。能印证真伪佛法之印，故名法印，也就是鉴别真伪佛法的义理标准，如果打着宣讲佛法的旗号，但宣说的法义连三法印都不符合，那么可以就断定它不是佛法。
“离言空性”,“离言空性”，净名精舍术语，是大乘佛法二时教法中“四重二谛”第四重二谛的“胜义谛”，佛陀把凡夫境界一切的存在，包括名言，都解构干净了，没有一丝丝法的生起——凡夫境界一切法无生，连“离言空性”这四个字也要舍弃。既然“离言”，“离言空性”四个字都是多余的，但是为了度化凡夫，又不得不暂且还要安立这四个字，因此“离言空性”这四个字还要画上引号。
对治,对治，佛教术语，梵文pratipakṣa，原意是指能治，所治，除遣，弃舍，断除的意思，佛法就是佛陀用来对治凡夫无明的言教。因此，佛陀说法，全是对治，不管是“见佛闻法”的分别，还是“以楔出楔”的言说，都只是引领众生悟入佛陀亲证真实性的工具、方便和善巧，都只是过河的筏子，凡夫众生只要真正证入了宗通，这些工具和筏子都要舍弃。
二谛,二谛，佛教术语，谛，是道理的意思，二谛，就是两条道理：一个就叫做“世俗谛”，另一个被称为“胜义谛”。二谛是佛陀在二时教法中度化众生的一个非常有效的方便和手段。世俗谛是佛陀作为一位智者，为了度化众生，迫不得已地向众生做妥协而建立的道理。胜义谛就是在此世俗谛上，佛陀一定要引申出作为智者对这一重世俗谛境界的一个更殊胜的理解，这就是胜义谛。
假有唯名,假有唯名，净名精舍术语，是大乘佛法，二时教法中净名精舍四重二谛中的一条术语。指凡夫境界一切事物只有假说的名字而已，名字背后没有任何对应的真实事物存在。假有唯名，是四重二谛中第四重二谛的世俗谛。在第四重二谛的世俗谛中，为了凸显只剩下名言，把第三重二谛胜义谛“名言假有”的语序略作调整，称为“假有唯名”，也就是通过前三重二谛的解构，凡夫境界仅仅只剩下点“名言”了。
解构,解构，净名精舍术语，通俗地讲，解构就是拆开、打散。在解读佛法时，净名精舍首席学术导师于晓非老师借用这个现代词汇，形象地表明佛陀讲法的过程和目的，就是不断的拆解，打散无明凡夫坚固的实有见。也就是佛陀他老人家对世界的理解和无明凡夫对世界的理解，完全是颠倒的，正好相反了。凡夫死死执著着根本不存在的凡夫境界而自以为是真正实存在，为了破除凡夫的这种错误观点，佛陀对无明凡夫进行不断的解构，以引领无明凡夫证悟真实。“解构”是一个很现代的词语，其实解构的过程，用佛教的语言表达就是一个字，“空”，就是空的过程，不断地空的过程。
名言假有,名言假有，净名精舍术语，是大乘佛法，二时教法中净名精舍四重二谛中的一条术语。指凡夫境界上一切的事物都根本不存在，只是误以为存在，这个误以为的存在，叫假有；凡夫给这个误以为的存在还要起一个名，这个名，就是名言。名言假有，是第三重二谛的胜义谛。
破实执,破实执，佛教术语，这里的实执，特指大乘佛法二时教法中的“法我执”。也就是凡夫以为的独立于内在主观精神的人我之外的那个外在客观物质世界，就是法我。对这个外在客观物质世界的执著就是“法我执”。破实执，就是破除掉对法我的执著，属于佛陀横向教理体系中破增益的部分。
破我执,破我执，佛教术语，佛法中对常一不变的独立存在性的执着，叫我执，大乘佛法二时教法四重二谛当中，第二重二谛的胜义谛是性空，安立性空的名言——无自性，没有常一不变的独立存在性，对治的就是凡夫的我执，破我执，因为佛陀说，要想走向涅槃，走向解脱，必须从“有我”的凡夫走向“无我”的智者，所以打破心中的我执，一步步地淡化心中对我的执着，这就是大乘佛法的修行在纲领上的一个最一般意义上的定义，破我执，属于佛陀横向教理体系中破增益的部分。
胜义谛,胜义谛，佛教术语，梵文，paramārthasatya（梵文待查），谛，是道理的意思，世俗谛和胜议谛，是一对相对的名言，合称为二谛。二谛，就是两条道理：一个就叫做世俗谛，另一个被称为胜义谛。胜义谛就是在此世俗谛上，佛陀一定要引申出作为智者对这一重世俗谛境界的一个更殊胜的理解，这就是胜义谛。
世俗谛,世俗谛，佛教术语，梵文saṃvṛtisatya（梵文待查），谛，是道理的意思，世俗谛和胜议谛，是一对相对的名言，合称为二谛。二谛，就是两条道理：一个就叫做世俗谛，另一个被称为胜义谛。
三套缘起,三套缘起，佛教术语，梵文trividhaḥ pratītyasamutpādaḥ。缘起是佛法的核心教义。佛陀就是用缘起这样一个巨大的方便，来解构凡夫自以为的真实世界。在整个佛陀的教理体系当中，为了度化不同根性的众生，佛陀讲了三种缘起。佛陀教法的纵向教理体系，依照《解深密经》分为初时教法、二时教法和三时教法。在这三套相对独立的名言系统里，相应的佛陀就建立了三套缘起来破增益。佛陀在“初时教法”当中讲了“十二缘起”。在“二时教法”当中讲了“缘生缘起”。在“三时教法”当中讲了“藏识缘起”。依据《解深密经》三时判教，佛说的缘起只有这三套，没有第四种缘起，也就是这三种缘起，就能涵盖佛说的一切缘起。虽然都用了“缘起”，但是在这三时不同教法中，它的法义是不一样的，不能混淆。佛说缘起，并不是说由缘的和合而生起，其实是要表达由缘和合，并未真的生起事物。
悖论归谬模型（顿法）,悖论归谬模型，净名精舍术语，在认识论上对凡夫境界直接归谬而证空性。龙树菩萨在中论颂中所展现的修法，通过对凡夫境界直接归谬而证空性；佛教讲“无自性”，龙树讲的“空”，其实也是无自性，即就要破斥自性。龙树的破法，这个论证过程就叫归谬，就是把一个观点，归出错谬，来否定该观点，来破斥该观点。
二我,二我，佛教术语，指人我和法我。 在佛法体系里，对凡夫所执着的自以为的真实世界的划分有很多种方法，其中最简洁的一种方法就是把它分为两类，分别起名叫“人我”和“法我”。
二我执,二我执，佛教术语，即人我执、法我执。 人我执，梵文ātmagrāha，人我，佛教术语，梵文pudgala，凡夫认为自己内在的主观的精神世界，是一个真实存在，而且是不变的，独立的。法我执，法我，佛教术语，梵文dharmasvabhāva，当一个凡夫执着了内在主观精神的我的存在的时候，即人我存在的时候，就一定会攀缘着主观内在精神世界之外的一个世界。内在主观精神的世界，一定要依托着主观内在精神世界之外的一个外在客观的物质世界而存在。
修行次第,修行次第，佛教术语，就是修行的次序和步骤。佛陀教法的修行，特别是大乘佛法修行的次第，即怎么打破无明见真实。从大的次第来讲，是三个次第，叫作闻、思、修，就是听闻正法、如理思维、如法修行。从佛陀的横向教理体系的安排和修证的次第，可以分成先破增益后补损减两大次第。高度简洁地概括大乘佛法的修行过程可以用“境、行、果”三个字。作为凡夫的修行，首先就是对境发心，而后是如法修行，最终证无住涅槃而成佛。证无似相登八地，就能领受其实从凡夫到成佛，根本无次第，次第只是方便说。
缘起,缘起，佛教术语，梵文pratītyasamutpāda。用最简洁的语言概括表述缘起，就是缘起无生。缘起是佛法的标识。佛说缘起是为解构凡夫自以为的真实世界。佛陀教法的横向教理体系是破增益和补损减，缘起是佛陀破增益的手段、工具，这是佛说缘起的真实法义之所在。
真实,真实，佛教术语，梵文bhūta‐tathatāyā，指真相、真正的存在。依照“净名弘法六要点”第二点，佛陀教理体系在横向上可判为“破增益”和“补损减”两部分。对真实的诠表属于佛法中“补损减”的内容。即佛陀给那些通过佛陀教理第一部分的学习，已经认同了佛陀关于我们凡夫境界上、我们过去自以为真实的世界其实都是不真实的道理的人，讲了第二件事：什么才是佛陀证悟的真正的真实。对“真实”的如法理解首先要依照判教，其次要依照说法立足点的不同。佛陀在《解深密经》中对由于众生根性不同而讲的法作判教，分为初时教法、二时教法、三时教法，从不同角度和不同层次安立了不同的名言系统，告诉凡夫，其实凡夫自以为的凡夫境界上的真实世界，其实一点都不真实——破增益，并且佛陀告诉凡夫什么才是佛陀认为的真正的真实——补损减。
真实性,真实性，净名精舍术语，梵文tattva，指佛陀亲证的真正的真实性。三时教法表达为真如、圆成实自性、如来藏心、不空如来藏、法性等，指圣者心的行处；二时教法中多表达为“实相”，系无为法，属于横向教理体系中“补损减”的部分。
泯灭二边,泯灭二边，净名术语，泯灭，指的是灭绝、消失（自编）；二边，即二边见。
中观,中观，佛教术语，梵文madhyamaka，龙树菩萨对甚深般若波罗蜜的见解叫作中观见。中，指不着凡夫二边。中观，即远离凡夫二边的中道 。
本体论,本体论，哲学术语，英文Ontology，指探究世界的本原或基质的哲学理论，也叫做存在论。
顿法,顿法，净名精舍术语，指引导凡夫速疾证悟空性的修行法门。
渐法,渐法，净名精舍术语，是对凡夫境界平滑解构、次第消融而令众生证悟空性的法门，大乘佛法二时教法教理体系渐法的代表是净名精舍首席学术导师于晓非效仿古德构建的权变中观的“四重二谛”。
归谬,归谬，逻辑学术语，又叫反证法，是一种逻辑论证方法。
认识论,指不直接对对方的论点、论据及论证方式进行正面驳斥，而是按照对方的逻辑和思路推导出一个明显荒谬、虚假或矛盾的结论，使其论点不攻自破。一般分为：推论式反证法、矛盾式反证法等。大乘佛教龙树菩萨《中论颂》中使用归谬法对凡夫自以为的真实世界进行了无余否定的归谬解构。
中观的两重境界,中观的两重境界，佛教术语，指的就是权便中观和究竟中观。
不二,不二，佛教术语，梵文，advaya，指平等，相同，究竟意义上说就是无生法义中消融而不二、无分别。
佛,指佛陀对凡夫二边见认知模式的解构，引导凡夫从凡夫趋向圣者的法门，称为“不二法门”。凡夫自以为的真实世界以一对一对相待的名言去理解、描述，佛陀把凡夫这样的认知模式称为“二边见”，圣者看凡夫是二，只要二即是凡夫，大乘佛法二时教法抓住凡夫二的特点，以二为入手处，以解构二为方便善巧，彻底的解构凡夫自以为的真实世界，凡夫自以为的真实世界压根不真实、不存在。
佛三身,三身，佛教术语，梵文 trikāyāh，又作三身佛、三佛身、三佛，指佛的三种身，法身、报身、化身，其实并不是说佛有三种，而是这三种身是随修行者的不同根性、不同境界的显现。
无常,无常，佛教术语，梵文anitya，基本含义是指没有不变的，总是在变化着的。“常”，梵文是nitya，永恒不变的意思。佛法讲无常是有层次的，大乘佛法讲无常，是根本就无生，因此也无灭，这是无常。佛陀教法讲无常，分成三个层次。第一个层次是小乘佛法的生住异灭的无常，第二个层次是佛陀二时教法四重二谛的前两重二谛、作为大乘佛法前行法的无常，即当生即灭的无常。这两个层次的无常，可以归为一类，叫作“生灭无常”。第三个层次的无常，是第二组二谛所讲的无常，叫作“无生无常”，要观凡夫境界一切的法，压根儿没产生，这是无常，所以叫作“常无，故无常。”
两重无常,两重无常，净名术语，指生灭无常和无生无常。生灭无常，包括生住异灭的无常，和当生即灭的无常。在二时教法里，生灭无常只是无常的方便说，无常的究竟说是无生无常。以无生法义讲无常，无常的究竟法义就是无生，叫“常无故无常”，这才是甚深般若波罗蜜法门。
无生无常,无生无常，净名术语，无常的究竟说，是佛陀“二时教法”第三、四重“二谛”‐‐‐ 第二组“二谛”讲的“无常”，叫做“无生无常”，就是要观凡夫境界一切的法压根儿没产生，这是“无常”，所以叫做“常无故无常”。
生灭无常,生灭无常，净名术语，是无常的方便说，在佛法里讲“无常”是有层次的： 第一层次 – 小乘佛法讲无常：生住异灭的无常；第二层次 – 佛陀二时教法前两重二谛讲无常：当生即灭的无常。 以上两个层次说“无常”是生灭无常。
法,法，佛教术语，梵文是dharma，佛教高频词汇，广义上指事物、范畴、法则、正法，狭义上指佛说的法，佛陀言教。
法性,法性，佛教术语，梵文dharmatā，指佛陀证悟的诸法的真实性，即真如。
两重不二,不二，佛教术语，梵文，advaya，指远离二边的中道。两重不二，净名术语，指两重境界的不二。这是净名精舍首席学术导师于晓非老师在《金刚经》导读中，总结出的两重不二。这两重不二是于老师站在二时教法的角度总结的。两种不二具体概括为两种情形。就是法与法的不二和法与法性的不二。法与法的不二就是纯凡夫境界上的不二。如好与坏，生与灭，常与断，有与无。目的是解构凡夫境界自以为的真实世界。法与法性的不二，是指圣者境界与凡夫境界的不二。如生死与涅槃，烦恼与菩提，五蕴与空。目的是引领众生走向解脱、见真实、显示诸法真实性的无二。两重不二的安立，是为了对治，真正的不二，是彻底地泯灭“二”，并且是以完全地泯灭一边，而达到二边双泯，以此达到远离凡夫“二边见”的中道。
种性,"种性，佛教术语，梵文gotra，基本意思是牛的庇护所，引申的意思是家族、世系，指修行佛法的众生的“分类”。这里要区分开另一个梵文词varṇa，这个词的基本意思是肤色，皮肤的颜色，引申义就是依据肤色，依据不同人种划分的社会等级，这个词也经常被译为“种姓”，这是指印度婆罗门建立的印度的“种姓制度”里的不同种姓。
佛法的修行，对众生区分了不同种性，一共有五种。就是声闻乘修行种性、缘觉乘修行种性、如来乘修行种性、不定种性和无种性。这五种修行种性。是依据众生根性不同，就是依据众生对佛陀教法领受的能力不同而划分的。"
识的两种生住灭,识的两种生住灭，佛教术语，指阿赖耶识有两种生灭的表现，即相续的生灭和相的生灭。
现量,简单地讲就是凡夫依靠感觉器官，对于具体事物的直接感知，比如说看见了这张桌子，摸到了这把椅子，这就是现量
比量,就是指凡夫从给定的前提，推断出结论的行为，即推理或推测
圣言量,就是以教派的圣人教言作为标准，是量的一种
转依,转所依”就是转染成净，转识成智，就是从杂染所依的“识”转为清净所依的“智”，就是从能所分离的认知模式，转变成能所不分离的认知模式
遍计所执自性,就是遍计所执的存在，这是凡夫误以为的心外的存在，就是生了翳病的眼睛显现了似毛的影，而无明凡夫非执为心外的毛，这个毛就是遍计所执自性
五法,“五法”就是指五种法：相、名、妄想、正智、如如，五法与三自性、八识、二无我这四个道理是佛陀三时教法教理体系的四根支柱。
相,对相的理解需要依照梵文原词和判教，在三时教法中，相要作外相和似相两种理解，第一种，外相，梵文最常用的是两个词，nimitta和lakṣaṇa，nimitta一般用于表达抽象的相，lakṣaṇa往往表达具体的相，相貌、形状、特征的意思，这两个词往往都翻译成“相”，其实严格意义上，应该翻成“外相”，心外之物的相，是凡夫误以为存在着的心外事物的相，是遍计所执自性，凡夫认为存在，而圣者认为不存在第二种，似相，阿赖耶识杂染种子现行，要是两件事儿，显现与分别，显现，就是生了翳病的眼睛显现出了似毛的影，这个影梵文是ābhāsa，往往翻译成影相，指这个影的相，是似外之相
名,在三时教法中对“名”有两种不同的理解：第一，从凡夫角度看，名对应的梵文是nāma，就是名字、名言的意思，是遍计所执自性，是凡夫认为存在，而圣者认为不存在；第二，从圣者角度看，名不是名言本身，而是给妄想的心外事物“安立名言”，此时名属于依他起自性，是圣者能见的阿赖耶识杂染种子现行时表现出来的分别的功能，安立名言这件事，也是个kṛ（虚妄分别），就会在阿赖耶识熏习下杂染种子，就叫“名言种子”，正是“名言种子”作为主导力量，才形成了ābhāsa“似外的显现”
分别（妄想）,分别就是在圣者看来，凡夫心外根本没有事物存在，可非要误以为凡夫心外有事物存在的这个误以为 ，就是虚妄分别，作为五法之一时，更多的时候被译为“妄想”，是依他起自性的“杂染”部分
妄想,"就是虚妄分别，也译作分别，作为五法（名、相、妄想、正智和如如）之一时，更多的时候被译为“妄想”，是依他起自性的“杂染”部分，在佛法里，分别指的就是凡夫能所分离的认知模式，
就是在圣者看来，凡夫心外根本没有事物存在，可非要误以为凡夫心外有事物存在的这个误以为 "
正智,是指见道位之后登初地的菩萨一直到成佛的智，正智就是佛陀三时教法的纲领五法中的一法，对应于依他起自性的清净部分。圣者的认知模式，就是“能所不分离”的认知模式。
真如（如如）,如如，是圣者的心的行处。圆成实自性就是圣者证悟的真实性——真如；不空如来藏就是真如；法性就是真如
表诠,因明学用语，就是直接陈述、正面肯定的解释，表诠是一种表述方式，与遮诠相对。表诠本身也属于名言，是佛法的一部分，完整的佛法包括说通与宗通，表诠属于说通，只要有表诠，就有能诠与所诠
空,"空是佛教的标志，佛教也被称为“空门”，佛教说的空，空的是原本不存在，只是凡夫无明所障，误以为的存在。性空破我执，佛陀说无我，无自性；空性破实执，佛陀说无生，一切法压根没产生，
凡夫境界的存在是以什么都不存在、压根无生为基本特征的。"
清净（种子）,"佛教中清净是与杂染相对的概念，指无分别，也经常用来指佛陀三时教法中依他起性中的清净依他起。如实认知熏习的种子，就是清净种子。知道原来只是生了翳病的眼睛所显现出来的似毛的影，
仅仅是影，那个我们误以为的眼睛之外的毛其实根本、压根儿就不存在，这就是如实认知。"
杂染（种子）,"杂染在佛教当中具有特定含义，是与清净相对的概念，就是指分别。这个词也经常用来指佛陀三时教法中，依他起自性中的杂染部分。依他起自性的杂染部分，就是阿赖耶识的熏习与现行。
阿赖耶识中的那些积淀的种子，其实全都是凡夫误以为心外有物的错误认识所熏习的。是由这些错误认识熏习的种子而成就的阿赖耶识，这些虚妄分别成就的藏识。"
人无我,这个常一不变、独立存在的六道轮回中的精神主体，是不存在的，这就是“人无我”
法无我,三时教法了义的法无我就是知道五蕴、十八界、十二处都是遍计所执自性，就是觉知蕴、界、处等凡夫心外的一切事物，其实压根不存在。二时教法中的空性即法无我，也就是凡夫境界是以从来、压根就没有存在过为其基本特征
二无我智,"破除人我执和法我执之后圣者的智慧。二无我智有广义和狭义之说，从广义上讲，包含小乘人无我智和大乘二无我智。小乘人无我智随顺佛陀证悟的真实，随顺二无我智，但不究竟。
从狭义上讲，大乘了义教法，佛陀破除凡夫自以为的真实的世界，就是破“人我执”和“法我执”。"
净名弘法六要点,净名弘法六要点，净名精舍术语，指净名精舍弘法所依止的六个原则要点。一、严格依据《解深密经》纵向判教体系；二、坚持佛陀横向教理体系——破增益、补损减；三、二时教法与三时教法最根本的差异在于佛陀说法的立足点不同；四、学习弘传大乘佛法依止佛陀和六位论师；五、弘法力求简洁、通俗；六、净名精舍一切学习、讨论的佛法教理，都是观修的法门——理论与修行并重
净名度生四加一,"净名度生四加一，净名精舍术语，是净名精舍首席学术导师于晓非教授总结的度众生的布施修行法门。包括五件事：（一）努力告诉众生，佛说轮回如梦；（二）告诉众生佛陀找到的从人生大梦中醒来的方法；（三）如果一时半会醒不了，告诉众生佛陀教诲我们怎么做，就能导致美梦而不做恶梦；
（四）对那些正在做恶梦的众生，告诉他为什么别人在做美梦，而你却在做恶梦；（五）尽我们所能，努力帮助正在做恶梦的众生。"
说法的立足点,说法的立足点，净名精舍术语，是净名精舍首席学术导师于晓非教授总结的学修佛法的金钥匙。“立足点”本义指观察或判断事物时所处的立场。“说法的立足点”即基于三时判教的划分和佛经中所体现的教义、教理而归纳总结的佛陀说法的立场。因此，要理解《解深密经》三时判教的关键，是理解佛陀说法的立足点的差异。初时教法、二时教法和三时教法最根本的差别就在于佛陀说法的立足点不同：初时与二时教法，佛陀立足于凡夫境界向凡夫说法；而三时教法佛陀立足于圣者境界向凡夫说法。
中观见派,中观见派，佛教术语，梵文mādhyamika，是大乘佛教流派，是对佛陀的二时教法教理体系进行全面系统解读的学派，称为“空宗”，中国人简称中观。龙树被后世奉为中观见派的祖师，他被公认为是对佛陀二时教法的甚深般若波罗蜜法门的最权威阐释者。中观见派为印度大乘佛教的两大派别之一，另一为瑜伽行派，就是对三时教法教理体系全面系统解读的唯识，亦称为“有宗”
瑜伽行派,瑜伽行派，佛教术语，梵文yogācāra，对佛陀的三时教法进行梳理的学派称瑜伽行派，中国人称其唯识。唯识是个名言，指佛陀三时教法的学术体系。无著、世亲和弥勒是传承佛陀三时教法瑜伽行派，也就是唯识论的祖师。瑜伽行派典籍有《唯识二十论》、《唯识三十颂》、《三自性论》（Trisvabhāvanirdéca）、《摄大乘论》、《辩中边论》、「五蕴」、「集论」、「百法」、《瑜伽师地论》、《唯识》、《中边》、《现观》、《集论》、《瑜伽本地分》、《俱舍论》等。
印度大乘,印度大乘，印度哲学术语，公元前6世纪，佛教产生于印度，是世界三大宗教之一，创始人为乔答摩•悉达多(GautamaSiddhārtha)，被尊称为释迦牟尼(Śākyamuni)，意即“释迦族圣人”。他宣称觉悟真理，自称佛陀(buddha)，意即“觉悟者”，佛教由此得名。印度大乘，是印度佛教中的重要组成部分。大乘，梵文mahāyāna，亦称大乘教、大乘佛法，音译“摩诃衍那”、“摩诃衍”。mahā，大，yāna，车乘，故mahāyāna有大的车乘之意，是能够自利利他，自觉觉他，引领众生趣向解脱，圆满成佛的教法，大乘佛教以“普渡众生”成佛为目地。佛陀教法分三乘：人天乘、小乘和大乘；读每一部佛经的时候，首先都应判断，是属于佛陀教法体系的哪一个部分，判教是非常重要的，如果不了解判教，把这三套教法混起来学习，只能造成思想的混乱。佛陀印可的《解深密经》三时判教最权威。要特别强调的是，佛陀三乘佛法，不是每一个学佛者在这一生当中的修行次第。 大乘佛法的两个路径，也就是《解深密经》中指出的佛陀二时教法和三时教法，二者之间不存在次第关系。佛陀二时教法与三时教法，是两个独立的修行路径。一个能够发起菩提心的人，直截了当修大乘法。
登地菩萨,登地菩萨，佛教术语，登地梵文bhūmy-ākramaṇa，菩萨梵文bodhisattva，在佛教中指见到佛陀证悟的真实的菩萨。大乘佛法不同的经典，对菩萨道的修行，在阶段的划分上有不同的划分方法。最常见的划分方法，把从凡夫到成佛整个菩萨道的修行历程，分成五个阶段，也叫五位。分别起名叫资粮位、加行位、见道位、修道位、证道位，描述了一个凡夫从发心到最后成佛的完整的修行历程。见道，佛教也叫“现证真实”，就是见到了佛陀证悟的真实。之后进入修道位。见道之后，也叫登地的菩萨，就进入了初地、二地、三地、四地、五地、以至十地，然后等觉、妙觉，这样一系列的不断深入的阶段的修行。见道之后的这些登地菩萨的修行，是基于诸法的真实性而发心、而修行六度境界是不一样的。佛陀证悟的真实，在二时教法常用的名言是“实相”，在三时教法叫真实性，叫“真如”。佛教界公认最著名的登地菩萨是龙树菩萨。
菩萨乘,菩萨乘，佛教术语，梵文bodhisattva-yāṇa，由bodhisattva和yāṇa两个词组成，指大乘佛法，“菩萨乘，也就是大乘，”。菩萨，梵文是bodhisattva，音译成“菩提萨埵”，由两个词组成的，bodhi和sattva。bodhi是觉，sattva指有情，就是众生。bodhisattva合起来译作“觉有情”，就是“自觉觉他的有情”。觉有情有两重含义：第一，所谓觉有情就是不断努力寻求自我觉悟的有情，即感到生死轮回的苦，感到自己无明所障，要打破无明，要解脱，努力寻求自我觉悟的有情；第二，佛陀说这世界是缘生的，这世界是无我的，最后发现哪里有一个孤零零的自我的觉，我的觉就是众生的觉，离开了众生的觉，没有一个我的觉，实现我的觉就是要实现众生的觉，离开了实现众生的觉没有一个孤零零的我的觉。因此这些不断努力寻求自我觉悟的众生，发现自我觉悟只有通过觉悟其他众生而实现，所以觉有情的第二重含义就是觉他。yāṇa音译为衍那，意译为运输工具，引申义为乘渡。
三乘,三乘，佛教术语，梵文trīṇiyānāni，佛陀显教的教理，分为三乘，即人天乘、小乘和大乘。认同了三世说生命观，但生不起出离心的人，佛陀为他们讲了人天乘的法。认同了三世说生命观又能生起出离心，但生不起菩提心的人，佛陀给他们说了小乘佛法的法。声闻乘和缘觉乘，这两个乘合起来，就是通俗讲的小乘。佛陀给认同了三世说生命观又能够生起出离心，还能够生起菩提心的人，说了大乘佛法。 对小乘教法和大乘教法，依《解深密经》，又做了三时判教，小乘佛法又被称为初时教法，而大乘佛法分为二时教法和三时教法。初时教法对应的就是声闻乘和缘觉乘，而二时教法跟三时教法是菩萨乘，也就是大乘。
无住涅槃,无住涅槃，佛教术语，梵文apratiṣṭhita-nirvāṇa，指佛的涅槃，即大乘佛法修行的佛果，是智不住生死，悲不住涅槃，佛陀以宏深悲愿不入涅槃而永度众生，这是大乘佛法的不共，这是大乘佛法的殊胜。在《楞伽经》中就表达为佛不住涅槃，涅槃不住佛，亦称为无住处涅槃。
增益,佛教术语，梵文samāropa，就是凡夫死死抓住了一个在佛陀看来根本不真实的世界把它当成真实，这种真实性是凡夫强加上去的，是错误认识造成的，这个错误在佛教里边叫作增益。增益就是我们这些凡夫无明所障，糊涂，误把我们凡夫境界上的在佛陀看来根本不真实的世界当作真实。我们把凡夫境界上我们误以为真实的世界死死地抓在手里，而佛陀说，这就是妨碍着我们见到真实的最大障碍。增益与损减是连带性错误，只要增益就一定损减。凡夫无明，把没有的当作有，这个增益的有，其实是不存在的，不可得的。不能如实观察增益有的不可得，执著增益有为真有，这就是见证真实性的障碍，因此就一定损减。佛陀说，这就是增益相和损减相。
损减,损减，佛教术语，梵文是apavāda，就是见不到真正的真实的错误，就是不承认圣者、佛陀有亲证的真实性，也就是把真实性在我们凡夫心中给丢掉了，那么这个错误，佛教里给了一个专有名词，叫损减。增益与损减是凡夫犯的两个根本性错误。增益的错误，就是我们凡夫死死抓住了一个在佛陀看来根本不真实的世界把它当成真实，这种真实性是凡夫强加上去的，是错误认识造成的，这个错误在佛教里边叫做“增益”（samāropa）。正是因为有了增益的错误，我们死死地抓住了一个在佛陀看来根本不真实的世界当真实，因此佛陀认为，我们就再也见不到真正的真实了。见不到真正的真实的错误，佛教里给了一个专有名词，叫“损减”。因为增益，因为我们把不真实的当成了真实，所以我们见不到佛陀证悟的真正真实，这就是损减。
中道,中道，印度哲学术语，梵文madhyamā-pratipat，原意是指不堕入二元对立、远离二边见的见解，也就是“不二”就是中道。在佛教中，对中道的究竟意义的解读是指远离增益与损减的“不增益、不损减”的境界。中道在佛教当中是非常重要的概念，对中道的解读要依据判教解读。
不落世俗因果不昧胜义因果,"“不落因果，不昧因果”，此典故来自盛唐时期一禅宗公案，百丈禅师在江西的百丈山开堂说法，点化一野狐而得。在佛教中，讲因果有两重境界, 世俗因果是凡夫境界上法与法之间的因果，是假因果，必须空。世俗因果不空，凡夫境界解构不彻底，就无法见道解脱。胜义因果是立足于圣者境界安立的藏识缘起，是真因果,不能空。胜义因果不是给凡夫境界找到因，而是给凡夫境界不存在，凡夫 误以为存在的“错觉”(虚妄分别)找到因。世俗因果是“所”上的因果，落宿命，无法解脱。胜义因果是 “能”上的因果，有因果但不落宿命。不落世俗因果，不昧胜义因果。 能(因)上精进，所(果)上随缘。"
凡夫心,凡夫心，净名精舍术语。凡夫心的理解可以立足凡夫境界和圣者境界做不同的解读，二时教法是佛陀立足于凡夫境界向凡夫说法，二时教法说的凡夫心是凡夫自己当下的精神活动、觉知，即凡夫的心。大乘佛法佛陀对凡夫境界做了最彻底的解构，万法皆空、一切法无生，因此，在凡夫境界上说的“心”与“物”是不存在的、根本无生。二时教法的凡夫心是凡夫以为的凡夫境界，是空的对象。三时教法佛陀立足圣者境界向凡夫说法，三时教法说的凡夫心，也称为识、阿赖耶识、藏识，唯登地以上圣者能见，非凡夫臆度之所能知。三时教法的凡夫心指没有转识成智的识，由于是圣者能见的一分真实，只能转不能空，转识成智，就是从凡夫心转为圣者心。在三时教法看来圣者能见的凡夫心，也就是由虚妄分别熏习的杂染种子所积淀下的凡夫心。凡夫心、杂染种子、杂染依他起自性是障碍证悟圆成实自性的真正障碍。立足点不同是学习大乘佛法的要害，二时教法与三时教法由于说法的立足点的不同，导致了两套相对独立的名言系统，二时教法的“凡夫心”跟三时教法的“凡夫心”是不同的，因此，不可混讲，也不能混学。
圣者心,圣者心，净名精舍专业术语，指见道登地以上圣者的心。三时教法的“心”既代表凡夫心也代表圣者心，三时教法的“心”是唯见道登地以上的圣者能见，非凡夫臆度之所能知。凡夫心和圣者心只是心的两种不同状态，凡夫心是一种“分离”的认知模式，是糊涂的；基于对凡夫心认知模式的否定角度来表达，佛说圣者心是一种“不分离”的认知模式。指的是“能与所”的不分离，就是能认识的“心”与被认识的“物”的不分离，是无分别的，这种认知模式就是圣者心。三时教法中的“心”分 “识”与 “智”，“识”与 “智”都可以叫做 “心”，“识”也称阿赖耶识、藏识或凡夫心，“智”称为正智或圣者心。从三时教法的三自性中的依他起自性角度理解，依他起自性分杂染和清净两部分，杂染部分是“识”，清净部分是“智”，从“识”转变为“智”，叫做“转识成智”，就是从凡夫心转为圣者心。佛陀在三时教法中安立“识”，是为解构凡夫境界，重点在于破增益；“智”是为建构圣者境界，是补损减。
错觉,错觉，净名精舍术语，梵文vikalpa、prativikalpa或saṃkalpa等，即虚妄分别，指心外事物不存在而凡夫非误以为心外事物存在的错误认识。分别是虚妄的，为了便于理解，净名精舍首席学术导师于晓非教授引入现代词“错觉”，来表示虚妄分别。分别就是虚妄，分别就是错觉。
波罗蜜,波罗蜜，佛教术语，梵文pārami，音译为波罗蜜，同义梵文Pāramitā，音译为波罗蜜多 。基本含义是过河、到彼岸，意译为“渡”通“度”，佛教界习惯使用“度”。基于印度人对三世说生命观的独特理解，波罗蜜譬喻为过生命之河，过生死之河。就是从生生死死的轮回的此岸度到涅槃的彼岸。“波罗蜜”，是大乘佛教最能够传达佛教思想精髓的词汇之一，涉及佛陀教法要解决的根本问题。佛陀的初时、二时、三时教法就是给不同的众生提供过河的解决方案，佛说的一切法都是波罗蜜，小乘初时教法属于波罗蜜，大乘二时和三时教法属于甚深般若波罗蜜。
般若,般若，佛教术语，梵文prajñā，俗语形态paññā。“般若”是paññā的音译，是指凡夫内心普遍具有着的可以打破无明见真实的能力，勉强意译为“大智慧”，以区别于世智辩聪。般若的法义很深，凡夫具有两面性，一面是“无明所障”，另一面又具备着可以打破无明见真实的能力，这个能力就是般若。
外相,外相，净名精舍术语，梵文nimitta，lakṣaṇa，表示的都是外相，就是指由于分别而误以为心外有事物的相。无外相，梵文ānimitta，就是凡夫心外之相不存在。外相，属于佛陀三时教法名言体系，是学懂唯识的重要词汇之一。以眼翳执毛模型为例，阿赖耶识种子的现行两件事情，是显现与分别。显现，就是生了翳病的眼睛显现出了似毛的影，梵文叫ābhāsa，这个词往往翻译成影相，就是这个影的相，是似外之相。因此ābhāsa这个词，准确的翻译应该是“似相”，相似的似。对这个ābhāsa的“似相”起了分别，把一个似毛的影给误执为眼睛之外的真的毛。当误执为真毛存在的时候，这个毛也有相，比如说长短之相，直弯之相，那么对这个毛的相，梵文表达最常用的是两个词，一个是nimitta，一个是lakṣaṇa。这两个词，往往都翻译成“相”。其实严格意义上，它应该翻成“外相”，就是心外之物的相。凡夫位的修行，要对治的就是这个外相nimitta，要领受“境界自心现”，等到彻底领悟了无外相，就要见道登地做菩萨了。佛教说无相是有两重无相，无外相和无似相，就是无nimitta和无ābhāsa。
无似相,无似相，净名精舍术语，梵文 nirābhāsa ，就是ābhāsa加了一个否定的前缀nir，意思是没有ābhāsa的相，用个比喻就是生翳病的眼睛显现的似毛的影，这个影就是ābhāsa。加上否定前缀nir，nirābhāsa就是没有影，实叉难陀译为“无影”，也可以译为“无似相”。nirābhāsa这个词在《楞伽经》中，甚至在整个佛陀三时教理中，是举足轻重、至关重要的核心词之一，是佛陀三时教法讲的两重无相之一，如果分不清无外相和无似相，就不可能学懂唯识，就不可能通达佛陀三时教法，求那跋陀罗对nirābhāsa的错误翻译，是造成千百年来汉传佛教误读《楞伽经》的重要原因之一。在大乘佛法三时教法的眼翳执毛模型中，生了翳病的眼睛显现出了似毛的影，这个影在梵文里就叫ābhāsa，往往翻译成影相，就是这个影的相，是似外之相，因此ābhāsa准确的翻译应该是似相。无似相，就是把生翳病的眼睛治好了，似毛的影都没有了。也就是经过从初地到七地的修行，转染成净，对ābhāsa的显现坚决不做分别，以清净种子完全替代了杂染种子，以至于连ābhāsa的显现都没有了，证得无似相，彻底清除了证真如的障碍登八地证真如。因此，从七地登八地的标志就是证无似相。见道位之前的资粮位和加行位的修行，是了知心外境界，唯心所现；了知外相（nimitta）不存在，修“无外相相”。见道之后，初地到七地，虽无外相（nimitta），但往昔在阿赖耶识中种下的杂染种子还在，还会有ābhāsa的显现，因此，初地到七地修“无似相相”，所以无似相与无外相是完全不同的修行阶段。而佛教说无相是有两重无相，无外相和无似相，就是无nimitta和无ābhāsa。无外相而见道登初地，无似相而由七地登八地。
无外相,无外相，净名精舍术语，梵文a-nimitta，就是凡夫心外之相不存在。 大乘佛法修行空性、无相和无愿“三解脱门”，其中的无相，就是指无外相。
二边见,二边见，佛教术语，梵文antadvaya-grāha（待确认）。二是凡夫的基本特征，在佛陀看来，凡夫对凡夫自以为的真实世界的认知有一个特点，就是总是构建一对儿一对儿的相待的名言来理解、表达、描述凡夫自以为的真实世界。比如说凡夫面对着自以为真实的世界，总要作美与丑、善与恶、长与短、高与矮、生与灭、常与断等等的判断，这一对一对的名言总是相待而立的，所谓相待，是指这些名言只能在相互关联中而施设，不能独立地存在。凡夫总是用这种落于两边的认知模式来理解和表达这个世界，佛法把凡夫的这种认知模式叫做二边见。在佛陀看来，二是凡夫的基本特征，凡夫一定二，只要二就一定是凡夫。
心,心，佛学和哲学通用术语，对心的正确的、究竟意义解读，是指佛陀三时教法中讲的心，可以分为广义和狭义两个层面解读。狭义上讲，心，梵文是﻿citta，词根是ci，就是聚集、收藏的意思。就是表示所谓的心，具有聚集、收藏的作用。“心能积集业”，梵文是﻿cittena cīyate karma。这句偈颂的意思是用“心”，聚集、收藏业。广义上讲，心，指佛陀三时教法所讲述的阿赖耶识、正智、真如。
二时教法的心,"二时教法的心，最常见的表达是菩提心，佛教术语，梵文是bodhi-citta。般若经当中，把菩提心分成了两个方面，分别起名叫作“世俗谛菩提心”和“胜义谛菩提心”。从般若经看，世俗谛菩提心跟胜义谛菩提心两个菩提心都生起了，就算生起菩提心了。从大乘佛法的修行来讲，一切都是从发菩提心开始的。
在二时教法中，心的另一种含义，更多地表达为思想、精神、心灵、甚至是灵魂，英文常表达为mind、consciousness，甚至是soul。这是人们通常所理解的心，这种对于心的理解，是有主体的理解，认为心是我的心，是我的思想，是我的意识，甚至是我的灵魂。这是对心的错误的理解。对于这种理解，佛陀是批判的。对于这种理解的心，佛法讲是必须要空的。"
三时教法的心,"心，佛学和哲学通用术语，对心的正确的、究竟意义解读，是指佛陀三时教法中讲的心，可以分为广义和狭义两个层面解读。狭义上讲，心，梵文是﻿citta，词根是ci，就是聚集、收藏的意思。就表示所谓心，就是具有聚集、收藏的作用。“心能积集业”，梵文是﻿cittena cīyate karma。这句偈颂的意思是用“心”，聚集、收藏业。广义上讲，心，指佛陀三时教法所讲述的阿赖耶识、正智、真如。
"
胜义谛菩提心,胜义谛菩提心，佛教术语，梵文 āryasatya-bodhi-citta ，在世俗谛菩提心愿的驱使下，在空上度众生就是胜义谛菩提心。菩提心的法义很深，可以从不同角度，不同层次去解读菩提心，比如“性空”和“空性”的不同层次。二时教法对菩提心有个解读，这是入手修行大乘佛法的一个方便。般若经说菩提心是由两个方面组成的，分别起名叫作“世俗谛菩提心”和“胜义谛菩提心”。从般若经看，世俗谛菩提心跟胜义谛菩提心两个菩提心都生起了，就算生起菩提心了。胜义谛菩提心就是在世俗谛菩提心的心愿的驱使下，切切实实度化一切众生走向无余涅槃的当口，还要生起一个心，观一切法是空：能度众生的菩萨是空，被菩萨度的众生是空，菩萨度众生这件事儿还是空。
世俗谛菩提心,世俗谛菩提心，佛教术语，梵文saṃvṛtti-satyatva bodhi-citta，是要发心度一切众生走向涅槃。一个修行大乘佛法的人，在悲心驱使下，要对一切众生进行帮助，进行度脱，修行的结果是增加福德，这是世俗谛菩提心。菩提心的法义很深，可以从不同角度，不同层次去解读菩提心，比如“性空”和“空性”的不同层次。二时教法对菩提心有个解读，这是入手修行大乘佛法的一个方便。般若经说菩提心是由两个方面组成的，分别起名叫作“世俗谛菩提心”和“胜义谛菩提心”。从般若经看，世俗谛菩提心跟胜义谛菩提心两个菩提心都生起了就算生起菩提心了。世俗谛菩提心，就是在世俗谛上，一个修行大乘佛法的人，一定要生起一个心，按照《金刚经》的话讲，对于“所有一切众生之类，我皆令入无余涅槃而灭度之”。
熏习,熏习，佛教术语，梵文paribhāvita，众生的行为当生即灭了，但是这个行为会在藏识当中熏习下一颗种子，藏识里的种子就是由众生的行为熏习而来的。
不生不灭,"不生不灭，佛教术语，不生梵文是 anutpanna，佛陀说不生不灭，目的是说无生，两重无生。两重无生，皆是圣者证悟的境界。
大乘佛法里不生不灭的境界，分为两重无生。第一重无生是凡夫执著的境界无生，是凡夫境界“从来无，何须生”。第二重无生是佛陀亲证的真如无生，佛证真如“本来有，不需生”。学佛修行，从大乘佛法来讲，讲不生不灭，就是证这两重无生。
"
无我,"无我，佛教术语，梵文是anātman，可细分为人无我和法无我，即没有能认识世界的精神主体我，也没有被我所认识的客观世界。人无我、法无我，合称为“二无我”，简称“无我”。无我，是“无生”的另一种表达。
佛陀被称为“说缘起者”。“缘起”是佛教的重要标志。佛陀说缘起，就是为了说无生，就是为了说无我。"
六识,六识，佛教术语，梵文ṣaḍvijñāna（待查），六识是眼识、耳识、鼻识、舌识、身识、意识的统称。 在三时教法体系里边，我们讲只有一个识——阿赖耶识，前六识不过是阿赖耶识杂染种子现行时所表现出来的分别的功能，不是在阿赖耶识之外，还有这六个识，在三时教法里边，六识就是阿赖耶识，六识与阿赖耶识的关系是海浪与大海的关系，所以在三时教法里六识不能空，要转。二时教法里也有眼识、耳识、鼻识、舌识、身识、意识，但在二时教法里边，这六个识是凡夫当下的觉知的自己的凡夫心，是纯粹的属于凡夫境界，这就如同在二时教法里边讲色、声、香、味、触、法这六尘，这六种外境一样，是纯粹的凡夫境界，在二时教法中具体就是指眼耳鼻舌身意这六个器官上所具有的功能，这个识就是认识的识。在二时教法中这个六识是凡夫当下觉知的凡夫的心，是属于凡夫以为的凡夫境界，因此要空。
眼翳执毛模型,眼翳执毛模型，净名精舍术语，就是一个眼睛生了翳病的人，本来是因为生病，自身显现了影，他非不以为是影，非误以为是心外的毛，执着着这个心外的毛，这个执、这个错误认识的强化，就使得这个毛在我们的感知世界里无比真实了，坚不可摧了。可是佛陀告诉我们，其实这个毛根本不存在，存在的只是心外没有毛，你非误以为有毛的错觉而已。 此模型是理解三时教法核心藏识缘起的重要模型，由净名精舍首席学术导师于晓非老师总结构建。
种子熏现模型,种子熏现模型，净名精舍术语，是佛陀三时教法中描述藏识缘起的模型，也是理解胜义因果的重要模型，更是学习和理解佛陀三时教法理论体系的重要基础模型，由净名精舍首席学术导师于晓非老师总结构建。种子的熏习和现行，就是凡夫当下的行为（用梵文kṛ 来表述众生一切的行为），这个kṛ是无常的，是当生即灭的，但是它的作用要延续。在佛陀的三时教法，在唯识宗当中，这种作用的延续就是用藏识熏习种子的模型来表达的。这个kṛ无常、当生即灭，但是kṛ在藏识当中熏习下了一颗种子，而这颗种子等待因缘成熟的时候，它又会现行为一个新的kṛ，而这个新的行为、新的kṛ它依然是无常的、当生即灭的。这个新的kṛ虽然灭了，但是它的作用要延续下去，这个作用的延续就体现为这个新的kṛ，又在阿赖耶识、在藏识当中熏习下了一颗新的种子，这样的无穷的往复，就形成了众生的行为，以及导致这个行为所产生的那种延续的力量。在三时教法里，这就是藏识所安立的模型。这个模型我们给它起个名字，就叫做“种子熏现模型”。这里边的关键词，第一，是藏识—阿赖耶识；第二，就是kṛ；第三，就是熏习；第四，就是种子；第五，就是现行。现行这个词非常重要，翻译得非常好，它是现的行为，不是显现出物，而仅仅是显现的行为。在佛陀的三时教法，在瑜伽行派，在唯识宗里边，佛陀就是用种子熏现模型来描述我们凡夫心的活动。
眼识转起模型,眼识转起模型，净名精舍术语，是圣者对“看见了”是什么，是什么原因而产生了“看见了这件事儿”的理解。《大乘入楞伽经》中云：“有四种因缘眼识转。何等为四？所谓不觉自心现而执取故，无始时来取著于色虚妄习气故，识本性如是故，乐见种种诸色相故。”佛陀用四种因缘，讲述眼识转起模型。
阿赖耶识,阿赖耶识，佛教术语，梵文ālayavijñāna，也译作藏识，就是具有收藏的功能的识，又名空如来藏，亦即依他起自性的杂染部分，是圣者才能见的心识上的种子与kṛ（即虚妄分别）的相互缘起，是胜义因果，是“藏识缘起”，是登初地以上的菩萨、圣者才能见的凡夫心。
阿赖耶识四要点,阿赖耶识四要点，净名精舍术语，准确理解佛陀三时教法的关键之一，就是要准确理解阿赖耶识，为了很好把握阿赖耶识的法义，净名精舍首席学术导师于晓非老师依据《楞伽经》、《解深密经》等，总结了四条学习阿赖耶识的要点：第一，阿赖耶识是圣者能见的一分真实。第二，阿赖耶识是凡夫的错误认识所积淀。第三，既然阿赖耶识是圣者能见，所以阿赖耶识不能空。第四，阿赖耶识虽然不能空，但阿赖耶识毕竟是凡夫的错误认识所积淀的，因此空虽不能空，必须得转——转识成智。这是佛陀三时教法的特点，是三时教法的殊胜。
能取,能取，佛教术语，梵文grāha，凡夫误执心外有 nimitta，就一定会误以为还有一个真能执取心外之物的能力，这个能力，唯识学起个名字，叫“能取”，因此，“似能执取”心外之物的能力叫“见分”，凡夫误以为有的“真能执取”心外之物的能力叫“能取”。
所取,所取，佛教术语，梵文grāhya，“相分”是凡夫执心外有事物的诱因，而凡夫误执的心外事物，也就是外境或者叫外境之相，即外相nimitta，在唯识学里，起个名字，叫“所取”。ābhāsa 是相分，nimitta 是所取。
能所不分离,能所不分离，佛教术语，圣者的认知模式，从对凡夫的误以为能所分离的认知模式的否定角度来表达的话，圣者的认知模式就是“能所不分离”的认知模式，圣者心是能所不分离。
意,意，佛教术语，梵文 manas，音译为“末那识”，又叫“意根”，在阿赖耶识八分法中对应第七识。意是隐藏在分别背后，使分别得以实现的推动力。没有第七识的驱动，前六识是转不起来的。
意识,意识，佛教及哲学术语，梵文manovijñāna，指诸识中的第六识。在二时教法里讲的是六个识：眼识、耳识、鼻识、舌识、身识、意识，只讲这六个识。三时教法讲唯识，而且强调这个识只有一个阿赖耶识，也译作藏识。把阿赖耶识分为八份，就是八识。分别是眼识、耳识、鼻识、舌识、身识、意识、末那识、阿赖耶识。阿赖耶识杂染种子现行是显现与分别。分别就是把生翳病的眼睛显现的似毛的影，误以为心外的毛的这个误以为，这个错误认识。意识就是这个分别的功能。
如来藏,如来藏，佛教核心术语，梵文tathāgatagarbha，这是一个复合词，由两个词组成，第一个词，tathāgata，意思是如来；第二个词是garbha，古译通常被译成“胎藏”，用现代汉语直译，就是女人的子宫。tathāgatagarbha，合起来直译就是“能孕育如来的子宫”。如来藏意指佛是由如来藏孕育降生的意思，由此可见如来藏法义在整个佛陀教法体系中的重要性。
不空如来藏,不空如来藏，佛陀三时教法核心术语。佛陀证悟的真正的真实性就是真如，真如就是不空如来藏。
空如来藏,空如来藏，佛陀三时教法核心术语。阿赖耶识是圣者能见的一分真实，有时也被表达为来藏藏识、空如来藏。空如来藏，不是说如来藏本身是空，而是佛陀安立如来藏是为了“空”。为了空掉什么而安立的如来藏叫空如来藏。佛陀说“空”，其实就是要空掉凡夫误以为存在而圣者认为根本不存在的事物，是为了“破增益”。
三时四有四无无障碍观,三时四有四无无障碍观，净名精舍术语，佛陀三时教法破增益的修法的口诀：只有相互依存，没有独立存在；只有相似相续，没有常一不变；只有能了别识，没有所分别境；只有一隐一现，没有真实显现。“只有相互依存，没有独立存在”，是指立足于圣者境界安立藏识缘起，其中了别识与分别事识，也就是杂染种子与现行的 kṛ相互依存，互为因果，它们都不能独立存在。只有相似相续，没有常一不变”，指的是阿赖耶识未现行的杂染种子，总是处于相续的生灭过程之中，不能常一不变。“只有能了别识，没有所分别境”，是指立足于圣者境界观凡夫境界，只是唯识，没有凡夫心识之外的事物。“只有一隐一现，没有真实显现”，一隐就是虚妄分别在阿赖耶识中熏习下杂染种子；一现，就是阿赖耶识杂染种子现行，但是只是现行了虚妄分别，并没有显现出凡夫心外事物的真实存在。
转识成智,转识成智，佛教术语，又名“转染成净”，就是从识转变为智。就是从凡夫能所分离的认知模式，转变为圣者的能所不分离的认知模式；从凡夫的分别的识转为圣者的无分别的智。转识成智从梵文的角度讲，就是从 vijñāna转变成jñāna 。就是去掉vi，去掉vijñāna那个词头vi ，去掉vi就是离分别，转识成智是佛陀三时教法修行的核心。
kṛ,kṛ，净名精舍术语，kṛ是梵文中的一个动词词根，指众生的行为。，是对人甚至是对一切动物的行为的一个最一般的表达。比如说：我们看见一座山，这个“看”就是一个kṛ；我们听见了雷声，这个“听”也是一个kṛ；我们闻到一股香气，这个“闻”也是一个kṛ；我们尝到这个醋很酸，这个“尝”也是个kṛ；我摸到桌子了，这个“摸”也是一个kṛ；想念母亲了，这个“想”也是一个kṛ。也就是kṛ这个动词是对众生的行为的最一般的表达。
见分,见分，佛教术语，，即见似相之见。阿赖耶识杂染种子现行时的显现，除了显现似相，同时还要显现“见似相之见”。如同生了翳病的眼睛，除了显现了似毛的影，同时一定还显现“见影之见”。虽然“似毛之影”和“见影之见”都是在心识中，是不分离的，但毕竟可以分为两个方面来表达。在唯识学中，有的宗派就给这两个方面还安立了名言，似毛之影叫“相分”，见影之见叫“见分”。
相分,相分，佛教术语，梵文ābhāsa，即似相，阿赖耶识种子现行时显现的“似外之相”。
不常不断,不常不断，佛教术语，指远离常见和断见二边，而取“不常不断”的中道。 常见和断见，是凡夫最容易犯的一对边见。佛陀认为常见和断见都不是佛法的正见，所以，佛陀讲法，就要引领凡夫远离常见和断见，而契入中道。
初时不常不断,初时教法说的常见，是指认为众生生命主体之我为永远存续者，断见是指认为死后全归灭无。初时教法讲十二缘起、四谛无我，对治常见和断见。正确理解十二缘起之理，因而远离常见与断见的偏颇看法，即远离断常之二边见。
二时不常不断,二时教法的不常不断分为两个层次。第一个层次，权变中观境界，以二谛模式讲不常不断，既不常也不断。“既不常也不断”，不是安立了一个在“常”与“断”之外的一个第三种状态，所谓“不常不断”。实际上“既不常也不断”仍就属于二边见，是佛陀用来替代、对治“常、断”这对凡夫根深蒂固的原有的“二边见”的。第二个层次，究竟中观境界。泯灭二边立足于空性讲不常不断，因不常故不断。因为没有常，所以没有断；二边双泯，彻底远离了二边见。“因不常故不断”，这是佛陀的见解，是二时教法究竟中观中不常不断的见解，这就是在破增益。
三时不常不断,三时教法中，对二时教法的这种凡夫境界因不常故不断的“无生无常”，依然认同。同时对不常不断还有其独到的理解，在三时教法当中，增益就是常见，损减就是断见。既能领受凡夫境界根本无生，又能亲见圣者证悟的真如真实不虚，就是不增益凡夫境界、不损减圣者境界，这是三时教法的不常不断。三时教法的不常不断，既破增益，又补损减。
常见,常见，佛教术语，梵文nityadṛṣṭi 或 śāśvatadṛṣṭi，指一种错误见解，不是佛法的正见。二见之一，为“断见”之对称。  
初时常见,在佛陀初时教法中，外道自以为存在的五蕴之身今世虽灭，未来复生，相续不断，就是常见。
二时常见,在佛陀二时教法中，按照龙树论师在《中论颂》第十五品第十颂中对常见的定义：“定有则着常，定无则著断。”叶少勇教授译为：“认为存在则执常，说不存在是断见。”只要认为凡夫境界有事物存在，就是常见。
三时常见,三时教法是立足于圣者境界而说法，它要表诠直陈圣者证悟的真实性——真如。认为凡夫心外有事物存在是常见。换句话，在三时教法中，增益就是常见。
断见,断见，佛教术语，梵文uccheda-dṛṣṭi，又称断灭见、破坏断灭论，指一种错误见解，非佛法的正见。二见之一，为‘常见’之对称。  
初时断见,初时教法中，断见是指坚持人活着的时候真实存在、而人死之后身心断灭，不复再生的偏见，是五恶见之一。偏执世间及我曾经存在过、但世间及我终归断灭的邪见，就称为断见。
二时断见,二时教法中，按照龙树论师在《中论颂》第十五品第十一颂中对断见的定义：“先有而今无，是则为断灭”叶少勇教授译为：“认为先前曾出现，而今不存则成断。”就是认为凡夫境界原先有事物存在，后来这个存在变为了不存在，从有变无了，这就是断见。
三时断见,三时教法是立足于圣者境界而说法，它要表诠直陈圣者证悟的真实性——真如。不承认有圣者证悟的真实性是断见。换句话，在三时教法中，损减就是断见。
凡夫境界,凡夫境界，佛教术语，梵文pṛthag-jana-gocara（梵文不确定），在佛法体系里，准确地理解凡夫境界，要从两个层次理解，第一个层次，就是二时教法中指的凡夫自以为的真实世界，如五蕴、十二处、十八界等，就是三时教法中的遍计所执自性，即凡夫误以为的心外的存在，就是生了翳病的眼睛显现了似毛的影，而无明凡夫非执为心外的毛，这个毛就是遍计所执自性，就是凡夫境界。第二个层次，就是立足圣者的角度回看凡夫境界，指圣者能见的凡夫心所行境界，简称凡夫境界。也就是立足于圣者境界回看凡夫境界，只是一场虚妄分别，就是没有毛却误执为心外有毛的错误认识。除此之外，什么都没有。所谓凡夫境界，不过就是圣者能见的凡夫心的显现，重要的是，不是显现出了心外事物，只是显现出了心外没有事物，却误以为心外有事物的错觉——唯识无境。这就是佛陀的唯心的法义，这是究竟了义的佛法。
圣者境界,圣者境界，佛教术语，指圣者证悟的真实境界，佛教不同的教理体系，对圣者的定义不同，小乘的圣者境界指小乘初果须陀洹到四果阿罗汉亲证的境界，大乘的圣者境界指从登地见道到证道成佛亲证的境界，大乘的圣者境界是离能所的，是凡夫的言说无法诠表的，是破除了一切的言说真实，才能彰显的离言真实，圣者境界也是佛陀说法的立足点之一。
见道,见道，佛教术语，梵文是darśana-mārga，自编就是见到了通向成佛的道路了。大乘佛法，把一个众生从凡夫到最后成佛，这个整个的历程分成了五个阶段，分别起名叫做资粮位、加行位、见道位、修道位和证道位。资粮位，准备资粮，也就是准备工作。加行位，就是通过资粮位的修行，资粮具足了，准备冲刺了，见道位之前的那一段冲刺的过程，就叫加行位。见道位就是见道了，这个道就是道路，就是见到了通向成佛的道路了。见道位之后叫修道位，见到了通向成佛的道路之后，那么就要在这个成佛的大道上努力地修行，这就是修道位。最后叫证道位，就是沿着这条大道修行到最后的终点，就是成佛。
解脱,解脱，宗教术语，梵文mokṣa，即解开、放开，脱离束缚而得自在的意思，也做涅槃的别名。在印度宗教中，解脱，意即“解放”，是印度宗教的重要神学与哲学概念，指生命个体脱离生死轮回及其带来的各种苦，印度教、耆那教与佛教皆继承了这个观念，但各自持有不同的见解。引自：中印百科的——ZY解脱
两重空,两重空，净名精舍术语，是指性空和空性。佛教讲空，是在不同层次上说空，性空与空性有着不同的法义。
两重因果,两重因果，净名精舍术语，指世俗因果和胜义因果，没有世俗因果，只有胜义因果，世俗因果要空，胜义因果要转。世俗因果是假因果，圣者认为不存在而凡夫误以为存在，佛陀在二时教法讲“万法皆空”，属于万法的世俗因果必须空。二时教法和三时教法对世俗因果的解构，都是完全彻底、不留死角的。三时教法更殊胜的是，建立了胜义因果——圣者能见的藏识缘起，胜义因果是真因果。胜义因果不能空，但是得转。
胜义因果,胜义因果，净名精舍术语，指初地以上圣者才能见的心识上的种子与kṛ的相互缘起，这就是胜义因果，也就是“藏识缘起”。从三时教法的甚深法义上理解，万法皆空，胜义因果不空。。胜义因果，不是圣者的因果，而是立足于圣者境界表达的凡夫因果，就是那个凡夫的错觉的因果，也就是胜义因果是依据圣者能见的阿赖耶识而建立的因果。
世俗因果,世俗因果，佛教术语，在三时教法里可以给这个凡夫认为毛应该有因的这个因果关系，起名叫“世俗因果”。二时教法里凡夫境界上，虽然没有常一不变的独立存在性，但是在凡夫境界上存在的因果的相似相续性，这是佛陀二时教法中四重二谛第二重二谛世俗谛上的缘生性。
两重无相,两重无相，净名精舍术语，佛陀三时教法讲无相，是两重无相，就是无外相和无似相，第一重是无外相，无nimitta；第二重是无似相，就是无ābhāsa。两重无相分别对应不同的修行阶段，是大乘佛法修行的次第，证无外相，见道登初地；证无似相，就从第七地登上第八地，分清和领受两重无相的法义是极其极其重要的，因为两种无常、两重无相和两重无生，是打开大乘佛法宝库的三把钥匙。
两重无生,两重无生，净名精舍术语，无生，梵文anutpanna，无生就是没有生灭，两重无生，皆是圣者证悟的境界。佛法讲无生是两重无生。第一重无生是凡夫执著的境界无生，是凡夫境界“从来无，何须生”。第二重无生是佛陀亲证的真如无生，佛证真如“本来有，不需生”。无生是进入大乘佛法的门槛，不能理解、领受无生，永远在大乘佛法门外徘徊。学佛修行，从大乘佛法来讲，就是证这两重无生。
唯识三大误区,"唯识三大误区，净名精舍术语，指千百年来唯识学人对唯识存在着理解上的三大误区。分别是：
第一、 唯识唯的是第六意识。—错！唯识唯的是阿赖耶识，是了别识。
第二、 阿赖耶识是轮回的主体。—错！阿赖耶识不是轮回的主体，佛说阿赖耶识恰恰是解构轮回。
第三、 阿赖耶识显现出了世界。—错！只是显现出了凡夫误以为有世界的“错觉”（虚妄分别）"
说通,说通，佛教术语，梵文naya，指佛陀说的法。
宗通,宗通，佛教术语，梵文siddhānta，指佛陀自证的法。
见道位,见道位，佛教术语，梵文是darśana-mārga，就是见道了，这个道就是道路，就是见到了通向成佛的道路了。
识（vijñāna）,识，佛教术语，梵文vijñāna，本意指精神活动、认识活动。vijñāna这个词来自于动词词根jñā，意思是知道、了知、了解，词头vi在这里表达的含义是分离、分开。因此表示凡夫心的这个识vijñāna，它一定是一种分离的认知模式。
智（jñāna）,智，佛教术语，梵文jñāna、prajñā，指能见到真正真实性的能力。jñāna这个词来自于动词词根jñā，意思是知道、了知、了解，从广义上讲，以修行的五位三阶段来说， jñāna是指从见道位之后登初地的菩萨一直到成佛的智。从狭义上讲，jñāna只是指从初地到七地修行的第二阶段的智。《楞伽经》中用prajñā指代登八地到成佛这个修行第三阶段的智，译为“慧”。
攀缘真如,攀缘真如，佛教术语，梵文tathatālambanaṃ，佛陀证悟的真正的真实性，八地以上的菩萨修行就是亲证真如，《楞伽经》里叫攀缘真如。
四种大修行,四种大修行，净名精舍术语，指菩萨们成就了这四种法，就成为大修行者。第一，观察自心所现。第二，远离生住灭见。第三，善知外法无性。第四，专求自证圣智。菩萨们成就了这四种法，就成为大修行者。
上修,上修，佛教术语，指八地菩萨到成佛的修行。这个阶段不仅没有外相（nimitta），也没有似相（ābhāsa，）这就是完全彻底地扫清了亲证佛陀证悟的真正的真实性的障碍。
中修,中修，佛教术语，指初地到七地菩萨的修行。这个阶段的修行的对象就是似相（ābhāsa），以似相（ābhāsa）为对境，坚决不对似相（ābhāsa）起外相（nimitta）的分别。
下修,下修，佛教术语，指资粮位、加行位凡夫的修行。这一阶段要对治的就是外相（nimitta），以外相（nimitta）为对境，通过以两种观察，做五种思维，而不断了知心外之境，不过是圣者能见的凡夫心的显现，领受只有似相（ābhāsa）其实没有外相（nimitta）。
八苦,八苦，印度哲学术语，梵文aṣṭavidhaṃ duḥkham，八苦是四谛中苦谛的内容，指生、老、病、死、爱别离、怨憎会、求不得、五蕴炽盛，这八种。 印度学者普遍认为欲界众生有八种痛苦，因为欲界众生以为生死很真实，而且真实的生生死死之中的痛苦也很真实，这是印度普遍的观点，佛教将这八种痛苦称之为八苦（“八苦法”）。
见真如,见真如，净名精舍术语，真如是圣者能见能证的真实性，登初地菩萨能见真如，登初地见真如的前提是经过资粮位和加行位的修行，证得无外相，就是证得凡夫境界其实只是影根本没有毛，就是证得只是ābhāsa没有nimitta。
证真如,证真如，净名精舍术语，佛陀证悟的真正的真实性，八地以上的菩萨修行就是亲证真如，登八地证真如的前提是经过从初地到七地的修行，转染成净，对ābhāsa的显现坚决不做分别，以清净种子完全替代了杂染种子，以至于连ābhāsa的显现都没有了，证得无似相，这就彻底清除了证真如的障碍了，因此登八地证真如。
无分别,无分别，佛教术语，梵文nirvikalpa，无分别与分别相对，分别指凡夫能所分离的认知模式，就是凡夫能认识的心与被认识的物的分离，相反，无分别就是指圣者能所不分离的认知模式，无分别不是对心外的事物不做判断，而是能所不分离。
学佛入门三问,学佛入门三问，净名精舍术语，指学佛者入门的三个问题。这三个问题是：1、是否相信轮回；2、是否认同轮回苦而寻求解脱；3、如何解脱。对这三个问题的回答，是判断一个人是否真正佛教徒的基本标准。
六度,六度，佛教术语，梵文ṣaṭ-pāramitā，指大乘佛教菩萨道修行的六个根本法门，分别是布施度、持戒度、忍辱度、精进度、禅定度、般若度。
安立名言,安立名言，佛教术语，梵文prajñapti，就是假施设、假安立，也译作“假名”，凡夫误以为心外有事物，因此就生起言说来诠表这个误以为有的心外事物，而且追寻这个所谓的事物的产生来源的戏论。
能所分离,能所分离，佛教术语，是凡夫的认知模式，凡夫的特点就是认为心外有物，凡夫的认知模式的特点就是“能所分离”，以为心外有物的能所分离就是分别。
似相,似相，佛教术语，梵文ābhāsa，就是“似显现”，用个比喻就是生翳病的眼睛显现的那个似毛的影，这个影就是ābhāsa。阿赖耶识杂染种子在相续生灭的等流过程中，突然有的种子显现了一下，显现出了“似毛的影”，这个影在梵文里有一个词来表达它，叫ābhāsa，这个词往往翻译成影相，就是这个影的相，是似外之相，准确的翻译应该是“似相”。
显现,显现，佛教术语，梵文dṛśya，表示境界只是显现，不是产生，经文中常译为现，三时教法的核心就表达为“境界自心现”，直译是境界是自心的显现。
现行,现行，佛教术语，梵文adhyācāratā，就是阿赖耶识杂染种子在相续生灭的等流过程中，突然有的种子显现了一下，这个显现了一下的状态就叫现行。
八识,八识，佛教术语，梵文aṣṭa-vijñānāni，是对“藏识”的最常见的、习惯表达。三时教法中的“识”广说有八个，所以叫八识。在佛陀三时教法中，识只有一个，就是藏识。只是为了表达阿赖耶识的种种不同功能，才把这唯一的识分成几份来描述。把识分为八份，就是八识。分别是眼识、耳识、鼻识、舌识、身识、意识、末那识、阿赖耶识。
分别事识,分别事识，佛教术语，分别事，梵文是vastuprativikalpa，这是一个复合词，分别事识就是非要执凡夫心外有事物的识，这其实就是识的杂染种子的现行。
末那识,末那识，佛教术语，梵文mano 或者 manas，在阿赖耶识的八分法里被叫作第七识，只有在第七识的驱动下产生虚妄分别，才有杂染种子在藏识中的熏习，没有第七识的驱动，前六识是转不起来的。
有无相待,有无相待，佛教术语，梵文bhāva-abhāvapakṣa，指凡夫境界的“有”与“非有”（无）是相依相待的，即循环定义。
唯识(vijñānamātra ),唯识，佛教术语，梵文vijñānamātra，就是只有心识，没有外境，唯识无境。
唯了别(vijñaptimātra),唯了别，佛教术语，梵文vijñaptimātra，意为立足于圣者境界回看凡夫境界，只是虚妄分别，除此之外，什么都没有。
唯识无境,唯识无境，佛教术语，vijñapti-mātratā-anartha，就是只有心识，没有外境。
三自性,三自性，佛教术语，梵文tri-svabhāva，即三时教法中讲的三种存在，分别是遍计所执自性、依他起自性和圆成实自性。
三时教法,三时教法，佛教术语，梵文 tri-dharmacakra，指佛陀立足圣者境界向凡夫说的一类法，佛陀三时教法的纲领是“五法三自性，八识二无我”四个道理。
三时判教体系,三时判教体系，净名精舍术语，是佛陀教法的纵向教理体系。在佛教史上，梳理佛教理论体系内部结构的这项工作叫作“判教”。《解深密经》把佛陀整个教法分为初时教法、二时教法和三时教法。初时教法是小乘、声闻乘。二时和三时教法是大乘、菩萨乘。
破增益,破增益，净名精舍术语，指佛陀在解构凡夫自以为的真实世界。破增益是佛陀教法的横向体系的第一部分，属于净名精舍弘法六要点之二。
补损减,补损减，净名精舍术语，指佛陀给那些通过破增益教理的学习，已经从心底里彻底认同了佛陀关于凡夫境界一切的存在都是不真实的、都是根本不存在的道理，认同了这段教理的思想见解的人，讲佛陀证悟的真实是什么。补损减是佛法横向教理体系的后一部分，属于净名精舍弘法六要点之二。
横向教理体系,横向教理体系，佛教术语，佛陀教法的横向教理体系，就是破增益和补损减，而对凡夫而言，破增益是重头戏。
纵向教理体系,"纵向教理体系，净名术语，净名弘法六要点的第一条，就是严格依据《解深密经》三时纵向判教体系。

在佛教史上，梳理佛教理论体系内部结构的工作叫作“判教”，《解深密经》中，就有佛陀印可的判教，称为“三时判教”，也就是在《解深密经》里边，把佛陀一生的、完整的教法分成了三个相对独立的理论体系、三个相对独立的名言系统，分别起名叫作初时教法、二时教法和三时教法。也就是《解深密经》把佛陀的显教的教理分成三套名言系统，叫做“三时判教”。另外一个名字叫做“三转法轮”，也就是“初时教法”，也称为佛陀的第一转法轮，“二时教法”也被称为佛陀的第二转法轮，“三时教法”也被称为佛陀的第三转法轮。三时判教是《解深密经》中的经中判教，因此，《解深密经》三时判教的权威性是不言而喻的。既然有经中三时判教，在学习佛法时，特别是在为其他众生宣讲佛法时，就应该严格遵循三时判教的原则。遵循判教原则的具体体现之一，就是对于分属三时教法的不同教理的内容，不可以混讲。如果把分属初时、二时或三时教理体系的不同法义混起来讲授，就完全丧失了判教的意义。"
依他起自性,依他起自性，佛教术语，梵文paratantra-svabhāva，也译为“缘起自性”或“缘起性”，分杂染和清净两部分，杂染部分是藏识，清净部分是正智， 三时教法的依他起自性，是立足于圣者境界，安立阿赖耶识的种子与种子现行的kṛ之间的依他而起，是圣者才能见的心识上的种子与kṛ的相互缘起，是胜义因果，是“藏识缘起”，千万不要把三时教法的“依他起自性”，理解为二时教法的凡夫境界中的万事万物的“因缘和合”而生起，依他起自性是佛陀三时教法的四根支柱性道理之一的三自性中的核心 。
缘生缘起,"缘生缘起，净名精舍术语，佛陀在二时教法中讲的“缘起”。

二时教法中佛说“缘生缘起”以阐述甚深“缘起无生”之理。对“缘生缘起”的解读可基于四重二谛的“渐法”及究竟中观的“顿法”两条脉络。二时教法之渐法——“四重二谛”的前两重“二谛”归结为“缘生性空”，即佛说凡夫境界一切的“存在”都不过是种种条件临时聚合而生起的存在，进而解构了凡夫境界上一切“存在”的“常一不变性”和“独立存在性”，即无自性；“四重二谛”的后两重二谛归结为“缘起无生”，进一步揭示无自性其实就是不存在，只是明明不存在而凡夫误以为存在，并且安立名言强化了凡夫的错误认识,而“名言”亦空，凡夫境界一切的存在都是以根本不存在为基本特征（空性）。通过构建“四重二谛”的方便善巧，平滑解构，次第消融，阐释“缘生”即“无生”，以实现破增益之功效。二时教法之顿法——“究竟中观”，系龙树菩萨于《中论》中所使用的归谬论证法，通过揭示“缘生”与“自性”的矛盾以解构凡夫境界，同样揭示了“缘起无生”之理，即凡夫境界一切法无生。无论是二时教法中的“渐法”还是“顿法”，佛说“缘生”，目的都是为了解构凡夫自以为的真实世界。"
藏识缘起,藏识缘起，佛教术语，梵文ālaya-vijñāna pratītya-samutpāda，在三时教法中，佛说藏识缘起，就是立足于圣者境界，安立阿赖耶识，构建眼翳执毛模型，清晰表述阿赖耶识杂染种子现行，不是现出了心外的事物，只是显现出了心外没有事物，而非要误以为心外有事物的错觉（即虚妄分别），虚妄分别真的由缘生起了，而且虚妄分别这个kṛ又成为缘，在阿赖耶识熏习下杂染种子，也就是以kṛ为缘生起了种子，又以杂染种子为缘，现行出虚妄分别的kṛ，kṛ熏习种子，种子现行kṛ，所以 kṛ与种子互为缘起，这两者“此有故彼有，此生故彼生，此无故彼无，此灭故彼灭”，因此起名叫“缘起”，这就是藏识缘起，这就是胜义因果，从这个意义上说，十二缘起和缘生缘起，只是缘起的方便说，藏识缘起才是缘起的究竟说，讲的再直接一点，佛说缘起就是要说藏识缘起，藏识缘起不是在给心外世界的存在找存在依据，相反，是在破除无明凡夫增益上去的外境的存在，唯识无境。
圆成实自性,"圆成实自性，佛教术语，梵文pariniṣpanna-svabhāva，就是立足于圣者境界而说法的三时教法中圣者证悟的真实性——真如、如来藏心，是圣者的自证圣智所行真如，也就是圣者认为的真实存在，但凡夫见不到，是佛陀三时教法的纲领“五法、三自性、八识、二无我”四个道理中的五法之一，三自性之一，是三时教法的补损减部分，如果不承认有圣者证悟的真实性，就会落入佛陀三时教法的损减断见。

自性，梵文svabhāva，在佛教里自性就等同于存在，存在就是有自性，无自性就是不存在，不存在着无自性的存在，这一点非常重要。因此佛陀三时教法里讲遍计所执自性、依他起自性和圆成实自性，这三个自性就是三种存在。

佛陀证悟的真实性，在立足于圣者境界而说法的三时教法中，表诠、直陈，给它起名真如、如来藏心，还有圆成实自性，这是圣者认为的真实存在，但凡夫见不到，这是在事上定义圆成实自性。在有的经典里是在理上定义圆成实自性，遍计所执自性根本不存在这个道理，就是圆成实自性，这是对圆成实自性的一种遮诠定义。圆成实自性在理上的定义是方便说，事上的定义才是究竟说。"
法我执,"法我执，佛教术语，梵文dharmâtma-grahā，指一种执著，执著以为有“法”的自性。因此要理解什么是法我执，首先要理解什么是“法”。 “法我执”，在二时教法里，当一个凡夫执着了内在主观精神的我的存在的时候，即人我存在的时候，就一定会攀缘着主观内在精神世界之外的一个世界。内在主观精神的世界，一定要依托着主观内在精神世界之外的一个外在客观的物质世界而存在。比如说，对人而言，内在主观精神的我，人我，要依托着一个肉体而存在，而这个肉体要依托于这个世界、这个地球而存在。所以当我们凡夫执着于有一个内在主观精神的我—人我—的存在的时候，就一定会产生第二个执着，就会认为在内在主观精神的我之外，一定有一个外在客观物质世界作为它攀缘和生存的依托对象。这个外在客观物质的世界，佛教就称为“法我”；对这个世界的执着，就叫“法我执”。

”法我执“，在三时教法里，“法我执”是阿赖耶识杂染种子现行产生的分别功能之一。因为阿赖耶识杂染种子现行，产生误以为心外有物的虚妄分别，从而进入能所分离的认知模式。也就是因为分别，产生能取、所取这一对二边见。分别有心外事物叫所取、分别能分别心外事物的能力叫能取。三时教法认为对所取的分别就是法我执、如果知道心外事物根本不存在——无所取，存在的只是心外事物不存在而凡夫非误以为心外事物存在的虚妄分别，即所取分别（法我执），因此也就没有了基于所取而有的能取，即二取平舍，从而达到圣者的无分别智。"
人我执,人我执，佛教术语，梵文是ātmagrāha，指一种执著，执著以为有“人我”的自性。人我，是佛教术语，其中，“人”，梵文是pudgala，音译为“补特伽罗”，这是印度某些外道认为的众生六道轮回之中的轮回主体。“我”，梵文ātman，其基本含义是指常一不变、独立存在的本体，在哲学上一般指生命现象中的主体。“人我”，就是印度思想家们所坚持认为的在生死轮回的背后的那个常一不变、独立存在的轮回的精神主体。这个轮回的精神主体，除了人我，还有各种名称，比如众生、寿者、命者、生者、养育、众数、作者等等，这些不同命名，都是在表达对生命轮回现象背后那个常一不变、独立存在的精神主体的追寻。对人我的执著，佛教叫做人我执。（自编+引用）“人我” 作为一个凡夫 ，会认为自己内在的主观的精神世界，这是一个真实的存在。这个存在而且是不变的、独立的。也就是我从一生下来，我是个婴儿，后来是个少年，到青年、到壮年、到老年，以至于死去。在这几十年人生当中，我的肉体可以变，我什么什么都可以变，但是内在的有个主观的精神的那个世界，总没有变。上幼儿园的是我，上中学的是我，读大学的是我，现在工作挣钱的是我，有一天死了，还是我死了。我们死死地执着的这个内在主观精神的这个世界的真实的存在，佛教把这个存在叫“人我”。我们对“人我”的那种执着，佛教就叫作“人我执”。
二时教法,"二时教法，佛教术语，指佛陀立足凡夫境界向凡夫说的法，主要讲“二谛无生 实相离言”，说一切法“皆无自性、无生无灭、本来寂静、自性涅槃。根据《解深密经》中佛陀印可的判教，叫做三时判教，就是把佛陀一生的教法分成了三个层次、三个角度、三套不同的名言系统，分别起名叫做佛陀的“初时教法”、“二时教法”和“三时教法”。净名修学六要点将此“三时判教”列为首条重要纲领，称为佛陀教理体系的“纵向判教”。初时教法是声闻乘、是小乘，而二时教法跟三时教法是菩萨乘，即大乘。二时教法的代表性经典是“般若经”，《金刚般若波罗蜜经》、《心经》等都是“般若经”中选出而来。

佛陀二时教法主要讲“二谛无生、实相离言”，以“二谛”的模式解构凡夫误以为的真实。具体地讲，通过权便中观的“四重二谛”把凡夫境界一步一步解构，从而引导凡夫趣向圣者境界。但权便中观不是真正的中观。只有究竟中观才是中观。“究竟中观”是通过彻底地泯灭“二”，而达到远离凡夫“二边见”的中观。权便中观是“破增益”，究竟中观是“补损减”，这两部分合起来是完整的佛陀的二时教法体系。因此二时教法修行分为渐修模式和顿悟模式；渐修模式在本体论上对凡夫境界次第消融而证空性，这就是四重二谛的权便中观的修法，适合于钝根众生；而顿悟模式是在认识论上对凡夫境界直接归谬而证空性，这就是龙树《中论颂》里展现的修法，适合于利根众生。因此，佛陀的“二时教法”不但讲“人法皆空”，进而还讲“一切法无生”。"
四重二谛,"四重二谛，净名精舍术语，一种阐述佛陀二时教法“缘生缘起”的解构模式，是以凡夫的“二边见”为抓手，立足于凡夫的实有境界，通过四重“二谛”平滑解构、次第消融凡夫实有见，解构成为空性见。依这四重二谛建立佛陀二时教法破增益的修法口诀，即佛陀二时教法破增益的“四有四无无障碍观”：只有相互依存，没有独立存在；只有相似相续，没有常一不变；只有能诠名言，没有所诠实义；只有“离言空性”，没有丝毫法生。四重二谛是千百年来对佛法最接地气的本土化诠释。

四重二谛是净名精舍首席学术导师于晓非老师效仿古德，把二谛构建成前后两组，共四重“二谛”：第一重二谛，世俗谛：实有，胜义谛：缘生；第二重二谛，世俗谛：缘生，胜义谛：性空(注意，这里是自性空，还不是空性，性空和空性还不一样)；第三重二谛，世俗谛：缘生性空，胜义谛：名言假有；第四重二谛，世俗谛：假有唯名，胜义谛：“离言空性”。四重二谛就是从第一重二谛的世俗谛“实有”，这个实实在在的凡夫见，经过一步步地解构，成就第四重二谛的胜义谛——空性见。

二谛是佛陀在二时教法度化凡夫的一个非常有效的方便和手段。建立世俗谛的目的就是跟我们这些凡夫勾上，能够跟我们有接口，搭上手了佛陀一定要依据这个世俗谛引申出来智者在这个世俗谛之上的一个更殊胜的理解——胜义谛。世俗谛的建立是随顺众生，胜义谛的建立是随顺真实。

四重二谛的建立，是既随顺众生，又随顺真实的典范，是对凡夫心中实有见的次第消融、平滑解构，是末法时期度化众生的巨大的方便善巧。四重二谛的建立，是近1500年的佛教历史上前所未有的创举，是于晓非老师为传播和复兴大乘佛法所作出的巨大贡献。

四重二谛就是用二谛的模式，通过对凡夫二边见的对治，来构建起解构我们凡夫自以为的真实世界的解构模式。在胜义谛上说不常，对治常见；在世俗谛上说不断，对治断见，既不常也不断，用不常和不断，对治凡夫的常见与断见。

既不常也不断、既非有也非无的二谛对治模式，只是度化众生的阶段性方便善巧，还不能够建立起远离二边的真实的中观见。因此，既不常也不断、既非有也非无这样的中观叫作“权便中观”。"
究竟中观,究竟中观，净名精舍术语，中观的梵文是madhyamaka，也叫中观见，属于佛陀的二时教法，“究竟中观”是以彻底地泯灭一边，最终达到二边双泯——通过彻底地泯灭“二”，而达到远离凡夫“二边见”的中观。龙树菩萨的中观见就是以“究竟中观”而建立的。净名精舍把属于佛陀二时教法的中观阐释为两条道理，即“权便中观”和“究竟中观”。权便中观侧重于“破增益”，究竟中观侧重于“补损减”，这两部分合起来才是完整的佛陀的二时教法体系。
意识（通俗）,"意识，简单说就是人的认识活动。

意识是人对环境及自我的认知能力以及认知的清晰程度。科学家并不能给予一个确切的定义。约翰·希尔勒通俗地将其解释为：“从无梦的睡眠醒来之后，除非再次入睡或进入无意识状态，否则在白天持续进行的，知觉、感觉或觉察的状态”。"

如来藏生万法么？,如来藏不生万法。根据《胜鬘经》和《楞伽经》，如来藏可以分为两个角度去理解，即：空如来藏和不空如来藏。空如来藏是阿赖耶识，空如来藏不生万法，只生本来并不曾有过万法但凡夫误以为有万法存在的错觉。不空如来藏是圆成实自性，不空如来藏也不生万法，它只是唯一真实的常乐我净的存在。修行就是要转识成智，转凡夫心为圣者心，转错觉为正觉。

